COMNAME,SVSPP,SPECIES_ITIS,LENGTH,CALIBRATION_FACTOR,CALIBRATION_CV
HADDOCK,74,164744,1,2.626168725,0.070961775
HADDOCK,74,164744,2,2.626168725,0.070961775
HADDOCK,74,164744,3,2.626168725,0.070961775
HADDOCK,74,164744,4,2.626168725,0.070961775
HADDOCK,74,164744,5,2.626168725,0.070961775
HADDOCK,74,164744,6,2.626168725,0.070961775
HADDOCK,74,164744,7,2.626168725,0.070961775
HADDOCK,74,164744,8,2.626168725,0.070961775
HADDOCK,74,164744,9,2.626168725,0.070961775
HADDOCK,74,164744,10,2.626168725,0.070961775
HADDOCK,74,164744,11,2.626168725,0.070961775
HADDOCK,74,164744,12,2.626168725,0.070961775
HADDOCK,74,164744,13,2.626168725,0.070961775
HADDOCK,74,164744,14,2.626168725,0.070961775
HADDOCK,74,164744,15,2.626168725,0.070961775
HADDOCK,74,164744,16,2.626168725,0.070961775
HADDOCK,74,164744,17,2.626168725,0.070961775
HADDOCK,74,164744,18,2.626168725,0.070961775
HADDOCK,74,164744,19,2.580550826,0.069481671
HADDOCK,74,164744,20,2.534932926,0.067956387
HADDOCK,74,164744,21,2.489315027,0.066384492
HADDOCK,74,164744,22,2.443697127,0.064764634
HADDOCK,74,164744,23,2.398079228,0.063095591
HADDOCK,74,164744,24,2.352461328,0.061376332
HADDOCK,74,164744,25,2.306843429,0.059606117
HADDOCK,74,164744,26,2.261225529,0.057784608
HADDOCK,74,164744,27,2.21560763,0.055912038
HADDOCK,74,164744,28,2.16998973,0.053989437
HADDOCK,74,164744,29,2.12437183,0.052018931
HADDOCK,74,164744,30,2.078753931,0.050004166
HADDOCK,74,164744,31,2.033136031,0.047950879
HADDOCK,74,164744,32,1.987518132,0.045867696
HADDOCK,74,164744,33,1.941900232,0.043767225
HADDOCK,74,164744,34,1.896282333,0.04166756
HADDOCK,74,164744,35,1.850664433,0.039594315
HADDOCK,74,164744,36,1.805046534,0.037583309
HADDOCK,74,164744,37,1.759428634,0.035683924
HADDOCK,74,164744,38,1.713810735,0.033962885
HADDOCK,74,164744,39,1.668192835,0.032507607
HADDOCK,74,164744,40,1.622574935,0.031427196
HADDOCK,74,164744,41,1.576957036,0.030848101
HADDOCK,74,164744,42,1.531339136,0.030901634
HADDOCK,74,164744,43,1.485721237,0.031704158
HADDOCK,74,164744,44,1.440103337,0.033337299
HADDOCK,74,164744,45,1.394485438,0.035838824
HADDOCK,74,164744,46,1.348867538,0.039209068
HADDOCK,74,164744,47,1.303249639,0.04342768
HADDOCK,74,164744,48,1.257631739,0.048471263
HADDOCK,74,164744,49,1.21201384,0.054326061
HADDOCK,74,164744,50,1.16639594,0.060994954
HADDOCK,74,164744,51,1.163989794,0.061369649
HADDOCK,74,164744,52,1.163989794,0.061369649
HADDOCK,74,164744,53,1.163989794,0.061369649
HADDOCK,74,164744,54,1.163989794,0.061369649
HADDOCK,74,164744,55,1.163989794,0.061369649
HADDOCK,74,164744,56,1.163989794,0.061369649
HADDOCK,74,164744,57,1.163989794,0.061369649
HADDOCK,74,164744,58,1.163989794,0.061369649
HADDOCK,74,164744,59,1.163989794,0.061369649
HADDOCK,74,164744,60,1.163989794,0.061369649
HADDOCK,74,164744,61,1.163989794,0.061369649
HADDOCK,74,164744,62,1.163989794,0.061369649
HADDOCK,74,164744,63,1.163989794,0.061369649
HADDOCK,74,164744,64,1.163989794,0.061369649
HADDOCK,74,164744,65,1.163989794,0.061369649
HADDOCK,74,164744,66,1.163989794,0.061369649
HADDOCK,74,164744,67,1.163989794,0.061369649
HADDOCK,74,164744,68,1.163989794,0.061369649
HADDOCK,74,164744,69,1.163989794,0.061369649
HADDOCK,74,164744,70,1.163989794,0.061369649
HADDOCK,74,164744,71,1.163989794,0.061369649
HADDOCK,74,164744,72,1.163989794,0.061369649
HADDOCK,74,164744,73,1.163989794,0.061369649
HADDOCK,74,164744,74,1.163989794,0.061369649
HADDOCK,74,164744,75,1.163989794,0.061369649
HADDOCK,74,164744,76,1.163989794,0.061369649
HADDOCK,74,164744,77,1.163989794,0.061369649
HADDOCK,74,164744,78,1.163989794,0.061369649
HADDOCK,74,164744,79,1.163989794,0.061369649
HADDOCK,74,164744,80,1.163989794,0.061369649
HADDOCK,74,164744,81,1.163989794,0.061369649
HADDOCK,74,164744,82,1.163989794,0.061369649
HADDOCK,74,164744,83,1.163989794,0.061369649
HADDOCK,74,164744,84,1.163989794,0.061369649
HADDOCK,74,164744,85,1.163989794,0.061369649
HADDOCK,74,164744,86,1.163989794,0.061369649
HADDOCK,74,164744,87,1.163989794,0.061369649
HADDOCK,74,164744,88,1.163989794,0.061369649
HADDOCK,74,164744,89,1.163989794,0.061369649
HADDOCK,74,164744,90,1.163989794,0.061369649
HADDOCK,74,164744,91,1.163989794,0.061369649
HADDOCK,74,164744,92,1.163989794,0.061369649
HADDOCK,74,164744,93,1.163989794,0.061369649
HADDOCK,74,164744,94,1.163989794,0.061369649
HADDOCK,74,164744,95,1.163989794,0.061369649
HADDOCK,74,164744,96,1.163989794,0.061369649
HADDOCK,74,164744,97,1.163989794,0.061369649
HADDOCK,74,164744,98,1.163989794,0.061369649
HADDOCK,74,164744,99,1.163989794,0.061369649
HADDOCK,74,164744,100,1.163989794,0.061369649
HADDOCK,74,164744,101,1.163989794,0.061369649
HADDOCK,74,164744,102,1.163989794,0.061369649
HADDOCK,74,164744,103,1.163989794,0.061369649
HADDOCK,74,164744,104,1.163989794,0.061369649
HADDOCK,74,164744,105,1.163989794,0.061369649
HADDOCK,74,164744,106,1.163989794,0.061369649
HADDOCK,74,164744,107,1.163989794,0.061369649
HADDOCK,74,164744,108,1.163989794,0.061369649
HADDOCK,74,164744,109,1.163989794,0.061369649
HADDOCK,74,164744,110,1.163989794,0.061369649
ATLANTIC COD,73,164712,1,5.723742445,0.162073843
ATLANTIC COD,73,164712,2,5.723742445,0.162073843
ATLANTIC COD,73,164712,3,5.723742445,0.162073843
ATLANTIC COD,73,164712,4,5.723742445,0.162073843
ATLANTIC COD,73,164712,5,5.723742445,0.162073843
ATLANTIC COD,73,164712,6,5.723742445,0.162073843
ATLANTIC COD,73,164712,7,5.723742445,0.162073843
ATLANTIC COD,73,164712,8,5.723742445,0.162073843
ATLANTIC COD,73,164712,9,5.723742445,0.162073843
ATLANTIC COD,73,164712,10,5.723742445,0.162073843
ATLANTIC COD,73,164712,11,5.723742445,0.162073843
ATLANTIC COD,73,164712,12,5.723742445,0.162073843
ATLANTIC COD,73,164712,13,5.723742445,0.162073843
ATLANTIC COD,73,164712,14,5.723742445,0.162073843
ATLANTIC COD,73,164712,15,5.723742445,0.162073843
ATLANTIC COD,73,164712,16,5.723742445,0.162073843
ATLANTIC COD,73,164712,17,5.723742445,0.162073843
ATLANTIC COD,73,164712,18,5.723742445,0.162073843
ATLANTIC COD,73,164712,19,5.723742445,0.162073843
ATLANTIC COD,73,164712,20,5.723742445,0.162073843
ATLANTIC COD,73,164712,21,5.600242468,0.159852426
ATLANTIC COD,73,164712,22,5.476742491,0.1575453
ATLANTIC COD,73,164712,23,5.353242514,0.155148264
ATLANTIC COD,73,164712,24,5.229742537,0.152657004
ATLANTIC COD,73,164712,25,5.106242559,0.150067134
ATLANTIC COD,73,164712,26,4.982742582,0.147374261
ATLANTIC COD,73,164712,27,4.859242605,0.144574085
ATLANTIC COD,73,164712,28,4.735742628,0.141662526
ATLANTIC COD,73,164712,29,4.61224265,0.138635921
ATLANTIC COD,73,164712,30,4.488742673,0.135491292
ATLANTIC COD,73,164712,31,4.365242696,0.132226721
ATLANTIC COD,73,164712,32,4.241742719,0.128841883
ATLANTIC COD,73,164712,33,4.118242742,0.125338788
ATLANTIC COD,73,164712,34,3.994742764,0.121722823
ATLANTIC COD,73,164712,35,3.871242787,0.118004223
ATLANTIC COD,73,164712,36,3.74774281,0.114200134
ATLANTIC COD,73,164712,37,3.624242833,0.110337516
ATLANTIC COD,73,164712,38,3.500742855,0.106457196
ATLANTIC COD,73,164712,39,3.377242878,0.102619471
ATLANTIC COD,73,164712,40,3.253742901,0.098911672
ATLANTIC COD,73,164712,41,3.130242924,0.095457993
ATLANTIC COD,73,164712,42,3.006742946,0.092431326
ATLANTIC COD,73,164712,43,2.883242969,0.090065584
ATLANTIC COD,73,164712,44,2.759742992,0.08866471
ATLANTIC COD,73,164712,45,2.636243015,0.088601753
ATLANTIC COD,73,164712,46,2.512743038,0.090300812
ATLANTIC COD,73,164712,47,2.38924306,0.094200671
ATLANTIC COD,73,164712,48,2.265743083,0.100712729
ATLANTIC COD,73,164712,49,2.142243106,0.110197062
ATLANTIC COD,73,164712,50,2.018743129,0.122974906
ATLANTIC COD,73,164712,51,1.895243151,0.139376017
ATLANTIC COD,73,164712,52,1.771743174,0.159805684
ATLANTIC COD,73,164712,53,1.648243197,0.184819718
ATLANTIC COD,73,164712,54,1.601602751,0.195612347
ATLANTIC COD,73,164712,55,1.601602751,0.195612347
ATLANTIC COD,73,164712,56,1.601602751,0.195612347
ATLANTIC COD,73,164712,57,1.601602751,0.195612347
ATLANTIC COD,73,164712,58,1.601602751,0.195612347
ATLANTIC COD,73,164712,59,1.601602751,0.195612347
ATLANTIC COD,73,164712,60,1.601602751,0.195612347
ATLANTIC COD,73,164712,61,1.601602751,0.195612347
ATLANTIC COD,73,164712,62,1.601602751,0.195612347
ATLANTIC COD,73,164712,63,1.601602751,0.195612347
ATLANTIC COD,73,164712,64,1.601602751,0.195612347
ATLANTIC COD,73,164712,65,1.601602751,0.195612347
ATLANTIC COD,73,164712,66,1.601602751,0.195612347
ATLANTIC COD,73,164712,67,1.601602751,0.195612347
ATLANTIC COD,73,164712,68,1.601602751,0.195612347
ATLANTIC COD,73,164712,69,1.601602751,0.195612347
ATLANTIC COD,73,164712,70,1.601602751,0.195612347
ATLANTIC COD,73,164712,71,1.601602751,0.195612347
ATLANTIC COD,73,164712,72,1.601602751,0.195612347
ATLANTIC COD,73,164712,73,1.601602751,0.195612347
ATLANTIC COD,73,164712,74,1.601602751,0.195612347
ATLANTIC COD,73,164712,75,1.601602751,0.195612347
ATLANTIC COD,73,164712,76,1.601602751,0.195612347
ATLANTIC COD,73,164712,77,1.601602751,0.195612347
ATLANTIC COD,73,164712,78,1.601602751,0.195612347
ATLANTIC COD,73,164712,79,1.601602751,0.195612347
ATLANTIC COD,73,164712,80,1.601602751,0.195612347
ATLANTIC COD,73,164712,81,1.601602751,0.195612347
ATLANTIC COD,73,164712,82,1.601602751,0.195612347
ATLANTIC COD,73,164712,83,1.601602751,0.195612347
ATLANTIC COD,73,164712,84,1.601602751,0.195612347
ATLANTIC COD,73,164712,85,1.601602751,0.195612347
ATLANTIC COD,73,164712,86,1.601602751,0.195612347
ATLANTIC COD,73,164712,87,1.601602751,0.195612347
ATLANTIC COD,73,164712,88,1.601602751,0.195612347
ATLANTIC COD,73,164712,89,1.601602751,0.195612347
ATLANTIC COD,73,164712,90,1.601602751,0.195612347
ATLANTIC COD,73,164712,91,1.601602751,0.195612347
ATLANTIC COD,73,164712,92,1.601602751,0.195612347
ATLANTIC COD,73,164712,93,1.601602751,0.195612347
ATLANTIC COD,73,164712,94,1.601602751,0.195612347
ATLANTIC COD,73,164712,95,1.601602751,0.195612347
ATLANTIC COD,73,164712,96,1.601602751,0.195612347
ATLANTIC COD,73,164712,97,1.601602751,0.195612347
ATLANTIC COD,73,164712,98,1.601602751,0.195612347
ATLANTIC COD,73,164712,99,1.601602751,0.195612347
ATLANTIC COD,73,164712,100,1.601602751,0.195612347
ATLANTIC COD,73,164712,101,1.601602751,0.195612347
ATLANTIC COD,73,164712,102,1.601602751,0.195612347
ATLANTIC COD,73,164712,103,1.601602751,0.195612347
ATLANTIC COD,73,164712,104,1.601602751,0.195612347
ATLANTIC COD,73,164712,105,1.601602751,0.195612347
ATLANTIC COD,73,164712,106,1.601602751,0.195612347
ATLANTIC COD,73,164712,107,1.601602751,0.195612347
ATLANTIC COD,73,164712,108,1.601602751,0.195612347
ATLANTIC COD,73,164712,109,1.601602751,0.195612347
ATLANTIC COD,73,164712,110,1.601602751,0.195612347
ATLANTIC COD,73,164712,111,1.601602751,0.195612347
ATLANTIC COD,73,164712,112,1.601602751,0.195612347
ATLANTIC COD,73,164712,113,1.601602751,0.195612347
ATLANTIC COD,73,164712,114,1.601602751,0.195612347
ATLANTIC COD,73,164712,115,1.601602751,0.195612347
ATLANTIC COD,73,164712,116,1.601602751,0.195612347
ATLANTIC COD,73,164712,117,1.601602751,0.195612347
ATLANTIC COD,73,164712,118,1.601602751,0.195612347
ATLANTIC COD,73,164712,119,1.601602751,0.195612347
ATLANTIC COD,73,164712,120,1.601602751,0.195612347
ATLANTIC COD,73,164712,121,1.601602751,0.195612347
ATLANTIC COD,73,164712,122,1.601602751,0.195612347
ATLANTIC COD,73,164712,123,1.601602751,0.195612347
ATLANTIC COD,73,164712,124,1.601602751,0.195612347
ATLANTIC COD,73,164712,125,1.601602751,0.195612347
ATLANTIC COD,73,164712,126,1.601602751,0.195612347
ATLANTIC COD,73,164712,127,1.601602751,0.195612347
ATLANTIC COD,73,164712,128,1.601602751,0.195612347
ATLANTIC COD,73,164712,129,1.601602751,0.195612347
ATLANTIC COD,73,164712,130,1.601602751,0.195612347
ATLANTIC COD,73,164712,131,1.601602751,0.195612347
ATLANTIC COD,73,164712,132,1.601602751,0.195612347
ATLANTIC COD,73,164712,133,1.601602751,0.195612347
ATLANTIC COD,73,164712,134,1.601602751,0.195612347
ATLANTIC COD,73,164712,135,1.601602751,0.195612347
ATLANTIC COD,73,164712,136,1.601602751,0.195612347
ATLANTIC COD,73,164712,137,1.601602751,0.195612347
ATLANTIC COD,73,164712,138,1.601602751,0.195612347
ATLANTIC COD,73,164712,139,1.601602751,0.195612347
ATLANTIC COD,73,164712,140,1.601602751,0.195612347
ATLANTIC COD,73,164712,141,1.601602751,0.195612347
ATLANTIC COD,73,164712,142,1.601602751,0.195612347
ATLANTIC COD,73,164712,143,1.601602751,0.195612347
ATLANTIC COD,73,164712,144,1.601602751,0.195612347
ATLANTIC COD,73,164712,145,1.601602751,0.195612347
ATLANTIC COD,73,164712,146,1.601602751,0.195612347
ATLANTIC COD,73,164712,147,1.601602751,0.195612347
ATLANTIC COD,73,164712,148,1.601602751,0.195612347
ATLANTIC COD,73,164712,149,1.601602751,0.195612347
ATLANTIC COD,73,164712,150,1.601602751,0.195612347
ATLANTIC COD,73,164712,151,1.601602751,0.195612347
ATLANTIC COD,73,164712,152,1.601602751,0.195612347
ATLANTIC COD,73,164712,153,1.601602751,0.195612347
ATLANTIC COD,73,164712,154,1.601602751,0.195612347
ATLANTIC COD,73,164712,155,1.601602751,0.195612347
ATLANTIC COD,73,164712,156,1.601602751,0.195612347
ATLANTIC COD,73,164712,157,1.601602751,0.195612347
ATLANTIC COD,73,164712,158,1.601602751,0.195612347
ATLANTIC COD,73,164712,159,1.601602751,0.195612347
ATLANTIC COD,73,164712,160,1.601602751,0.195612347
ATLANTIC HERRING,32,161722,1,3.072595393,NA
ATLANTIC HERRING,32,161722,2,3.072595393,NA
ATLANTIC HERRING,32,161722,3,3.072595393,NA
ATLANTIC HERRING,32,161722,4,3.072595393,NA
ATLANTIC HERRING,32,161722,5,3.072595393,NA
ATLANTIC HERRING,32,161722,6,3.072595393,NA
ATLANTIC HERRING,32,161722,7,3.072595393,NA
ATLANTIC HERRING,32,161722,8,3.072595393,NA
ATLANTIC HERRING,32,161722,9,3.072595393,NA
ATLANTIC HERRING,32,161722,10,3.072595393,NA
ATLANTIC HERRING,32,161722,11,3.072595393,NA
ATLANTIC HERRING,32,161722,12,3.072595393,NA
ATLANTIC HERRING,32,161722,13,3.072595393,NA
ATLANTIC HERRING,32,161722,14,3.072595393,NA
ATLANTIC HERRING,32,161722,15,3.072595393,NA
ATLANTIC HERRING,32,161722,16,3.072595393,NA
ATLANTIC HERRING,32,161722,17,3.072595393,NA
ATLANTIC HERRING,32,161722,18,3.072595393,NA
ATLANTIC HERRING,32,161722,19,3.072595393,NA
ATLANTIC HERRING,32,161722,20,3.072595393,NA
ATLANTIC HERRING,32,161722,21,1.127809609,NA
ATLANTIC HERRING,32,161722,22,1.369712364,NA
ATLANTIC HERRING,32,161722,23,2.009378284,NA
ATLANTIC HERRING,32,161722,24,2.262988241,NA
ATLANTIC HERRING,32,161722,25,1.853354264,NA
ATLANTIC HERRING,32,161722,26,1.334194063,NA
ATLANTIC HERRING,32,161722,27,1.1148033,NA
ATLANTIC HERRING,32,161722,28,1.335302428,NA
ATLANTIC HERRING,32,161722,29,2.267460234,NA
ATLANTIC HERRING,32,161722,30,3.700766672,NA
ATLANTIC HERRING,32,161722,31,2.310094284,NA
ATLANTIC HERRING,32,161722,32,2.310094284,NA
ATLANTIC HERRING,32,161722,33,2.310094284,NA
ATLANTIC HERRING,32,161722,34,2.310094284,NA
ATLANTIC HERRING,32,161722,35,2.310094284,NA
ATLANTIC HERRING,32,161722,36,2.310094284,NA
ATLANTIC HERRING,32,161722,37,2.310094284,NA
ATLANTIC HERRING,32,161722,38,2.310094284,NA
ATLANTIC HERRING,32,161722,39,2.310094284,NA
ATLANTIC HERRING,32,161722,40,2.310094284,NA
ATLANTIC HERRING,32,161722,41,2.310094284,NA
ATLANTIC HERRING,32,161722,42,2.310094284,NA
ATLANTIC HERRING,32,161722,43,2.310094284,NA
ATLANTIC HERRING,32,161722,44,2.310094284,NA
ATLANTIC HERRING,32,161722,45,2.310094284,NA
ATLANTIC HERRING,32,161722,46,2.310094284,NA
ATLANTIC HERRING,32,161722,47,2.310094284,NA
ATLANTIC HERRING,32,161722,48,2.310094284,NA
ATLANTIC HERRING,32,161722,49,2.310094284,NA
ATLANTIC HERRING,32,161722,50,2.310094284,NA
ATLANTIC HERRING,32,161722,51,2.310094284,NA
ATLANTIC HERRING,32,161722,52,2.310094284,NA
ATLANTIC HERRING,32,161722,53,2.310094284,NA
ATLANTIC HERRING,32,161722,54,2.310094284,NA
ATLANTIC HERRING,32,161722,55,2.310094284,NA
ATLANTIC HERRING,32,161722,56,2.310094284,NA
ATLANTIC HERRING,32,161722,57,2.310094284,NA
ATLANTIC HERRING,32,161722,58,2.310094284,NA
ATLANTIC HERRING,32,161722,59,2.310094284,NA
ATLANTIC HERRING,32,161722,60,2.310094284,NA
ATLANTIC HERRING,32,161722,61,2.310094284,NA
ATLANTIC HERRING,32,161722,62,2.310094284,NA
ATLANTIC HERRING,32,161722,63,2.310094284,NA
ATLANTIC HERRING,32,161722,64,2.310094284,NA
ATLANTIC HERRING,32,161722,65,2.310094284,NA
ATLANTIC HERRING,32,161722,66,2.310094284,NA
ATLANTIC HERRING,32,161722,67,2.310094284,NA
ATLANTIC HERRING,32,161722,68,2.310094284,NA
ATLANTIC HERRING,32,161722,69,2.310094284,NA
ATLANTIC HERRING,32,161722,70,2.310094284,NA
BLACK SEA BASS,141,167687,1,1,
BLACK SEA BASS,141,167687,2,1,
BLACK SEA BASS,141,167687,3,1,
BLACK SEA BASS,141,167687,4,1,
BLACK SEA BASS,141,167687,5,1,
BLACK SEA BASS,141,167687,6,1.177491839,
BLACK SEA BASS,141,167687,7,2.059637655,
BLACK SEA BASS,141,167687,8,3.174575177,
BLACK SEA BASS,141,167687,9,4.377302309,
BLACK SEA BASS,141,167687,10,5.477307363,
BLACK SEA BASS,141,167687,11,6.304201705,
BLACK SEA BASS,141,167687,12,6.759390422,
BLACK SEA BASS,141,167687,13,6.832201912,
BLACK SEA BASS,141,167687,14,6.582640284,
BLACK SEA BASS,141,167687,15,6.107811457,
BLACK SEA BASS,141,167687,16,5.509678339,
BLACK SEA BASS,141,167687,17,4.873941402,
BLACK SEA BASS,141,167687,18,4.261430078,
BLACK SEA BASS,141,167687,19,3.708585204,
BLACK SEA BASS,141,167687,20,3.232548648,
BLACK SEA BASS,141,167687,21,2.837403704,
BLACK SEA BASS,141,167687,22,2.519654791,
BLACK SEA BASS,141,167687,23,2.272263332,
BLACK SEA BASS,141,167687,24,2.0872626,
BLACK SEA BASS,141,167687,25,1.957260831,
BLACK SEA BASS,141,167687,26,1.876182693,
BLACK SEA BASS,141,167687,27,1.839531521,
BLACK SEA BASS,141,167687,28,1.844357767,
BLACK SEA BASS,141,167687,29,1.889027697,
BLACK SEA BASS,141,167687,30,1.972810434,
BLACK SEA BASS,141,167687,31,2.095241896,
BLACK SEA BASS,141,167687,32,2.255183741,
BLACK SEA BASS,141,167687,33,2.449486588,
BLACK SEA BASS,141,167687,34,2.671217501,
BLACK SEA BASS,141,167687,35,2.907564954,
BLACK SEA BASS,141,167687,36,3.137832678,
BLACK SEA BASS,141,167687,37,3.332374251,
BLACK SEA BASS,141,167687,38,3.453775456,
BLACK SEA BASS,141,167687,39,3.45,
BLACK SEA BASS,141,167687,40,3.45,
BLACK SEA BASS,141,167687,41,3.45,
BLACK SEA BASS,141,167687,42,3.45,
BLACK SEA BASS,141,167687,43,3.45,
BLACK SEA BASS,141,167687,44,3.45,
BLACK SEA BASS,141,167687,45,3.45,
BLACK SEA BASS,141,167687,46,3.45,
BLACK SEA BASS,141,167687,47,3.45,
BLACK SEA BASS,141,167687,48,3.45,
BLACK SEA BASS,141,167687,49,3.45,
BLACK SEA BASS,141,167687,50,3.45,
BLACK SEA BASS,141,167687,51,3.45,
BLACK SEA BASS,141,167687,52,3.45,
BLACK SEA BASS,141,167687,53,3.45,
BLACK SEA BASS,141,167687,54,3.45,
BLACK SEA BASS,141,167687,55,3.45,
BLACK SEA BASS,141,167687,56,3.45,
BLACK SEA BASS,141,167687,57,3.45,
BLACK SEA BASS,141,167687,58,3.45,
BLACK SEA BASS,141,167687,59,3.45,
BLACK SEA BASS,141,167687,60,3.45,
BLACK SEA BASS,141,167687,61,3.45,
BLACK SEA BASS,141,167687,62,3.45,
BLACK SEA BASS,141,167687,63,3.45,
BLACK SEA BASS,141,167687,64,3.45,
BLACK SEA BASS,141,167687,65,3.45,
BLACK SEA BASS,141,167687,66,3.45,
BLACK SEA BASS,141,167687,67,3.45,
BLACK SEA BASS,141,167687,68,3.45,
BLACK SEA BASS,141,167687,69,3.45,
BLACK SEA BASS,141,167687,70,3.45,
BLACK SEA BASS,141,167687,71,3.45,
BLACK SEA BASS,141,167687,72,3.45,
BLACK SEA BASS,141,167687,73,3.45,
BLACK SEA BASS,141,167687,74,3.45,
BLACK SEA BASS,141,167687,75,3.45,
OFFSHORE HAKE,69,164793,1,0.00196869,
OFFSHORE HAKE,69,164793,2,0.006867776,
OFFSHORE HAKE,69,164793,3,0.02391827,
OFFSHORE HAKE,69,164793,4,0.082808557,
OFFSHORE HAKE,69,164793,5,0.280853834,
OFFSHORE HAKE,69,164793,6,0.890230157,
OFFSHORE HAKE,69,164793,7,2.34025166,
OFFSHORE HAKE,69,164793,8,4.34462182,
OFFSHORE HAKE,69,164793,9,5.682066102,
OFFSHORE HAKE,69,164793,10,6.141870448,
OFFSHORE HAKE,69,164793,11,6.194363052,
OFFSHORE HAKE,69,164793,12,6.116676407,
OFFSHORE HAKE,69,164793,13,6.003388618,
OFFSHORE HAKE,69,164793,14,5.882098903,
OFFSHORE HAKE,69,164793,15,5.760481344,
OFFSHORE HAKE,69,164793,16,5.640614813,
OFFSHORE HAKE,69,164793,17,5.523032652,
OFFSHORE HAKE,69,164793,18,5.407843789,
OFFSHORE HAKE,69,164793,19,5.295041316,
OFFSHORE HAKE,69,164793,20,5.184587276,
OFFSHORE HAKE,69,164793,21,5.076435934,
OFFSHORE HAKE,69,164793,22,4.970540158,
OFFSHORE HAKE,69,164793,23,4.86685315,
OFFSHORE HAKE,69,164793,24,4.765328912,
OFFSHORE HAKE,69,164793,25,4.665922355,
OFFSHORE HAKE,69,164793,26,4.568589318,
OFFSHORE HAKE,69,164793,27,4.473286556,
OFFSHORE HAKE,69,164793,28,4.379971726,
OFFSHORE HAKE,69,164793,29,4.288603365,
OFFSHORE HAKE,69,164793,30,4.199140878,
OFFSHORE HAKE,69,164793,31,4.111544514,
OFFSHORE HAKE,69,164793,32,4.025775352,
OFFSHORE HAKE,69,164793,33,3.941795282,
OFFSHORE HAKE,69,164793,34,3.859566988,
OFFSHORE HAKE,69,164793,35,3.779053934,
OFFSHORE HAKE,69,164793,36,3.700220344,
OFFSHORE HAKE,69,164793,37,3.62303119,
OFFSHORE HAKE,69,164793,38,3.547452173,
OFFSHORE HAKE,69,164793,39,3.473449709,
OFFSHORE HAKE,69,164793,40,3.400990915,
OFFSHORE HAKE,69,164793,41,3.330043593,
OFFSHORE HAKE,69,164793,42,3.260576219,
OFFSHORE HAKE,69,164793,43,3.192557923,
OFFSHORE HAKE,69,164793,44,3.12595848,
OFFSHORE HAKE,69,164793,45,3.060748296,
OFFSHORE HAKE,69,164793,46,2.996898394,
OFFSHORE HAKE,69,164793,47,2.934380401,
OFFSHORE HAKE,69,164793,48,2.873166535,
OFFSHORE HAKE,69,164793,49,2.813229595,
OFFSHORE HAKE,69,164793,50,2.754542946,
OFFSHORE HAKE,69,164793,51,2.754542946,
OFFSHORE HAKE,69,164793,52,2.754542946,
OFFSHORE HAKE,69,164793,53,2.754542946,
OFFSHORE HAKE,69,164793,54,2.754542946,
OFFSHORE HAKE,69,164793,55,2.754542946,
OFFSHORE HAKE,69,164793,56,2.754542946,
OFFSHORE HAKE,69,164793,57,2.754542946,
OFFSHORE HAKE,69,164793,58,2.754542946,
OFFSHORE HAKE,69,164793,59,2.754542946,
OFFSHORE HAKE,69,164793,60,2.754542946,
OFFSHORE HAKE,69,164793,61,2.754542946,
OFFSHORE HAKE,69,164793,62,2.754542946,
OFFSHORE HAKE,69,164793,63,2.754542946,
OFFSHORE HAKE,69,164793,64,2.754542946,
OFFSHORE HAKE,69,164793,65,2.754542946,
OFFSHORE HAKE,69,164793,66,2.754542946,
OFFSHORE HAKE,69,164793,67,2.754542946,
OFFSHORE HAKE,69,164793,68,2.754542946,
OFFSHORE HAKE,69,164793,69,2.754542946,
OFFSHORE HAKE,69,164793,70,2.754542946,
OFFSHORE HAKE,69,164793,71,2.754542946,
OFFSHORE HAKE,69,164793,72,2.754542946,
OFFSHORE HAKE,69,164793,73,2.754542946,
OFFSHORE HAKE,69,164793,74,2.754542946,
OFFSHORE HAKE,69,164793,75,2.754542946,
OFFSHORE HAKE,69,164793,76,2.754542946,
OFFSHORE HAKE,69,164793,77,2.754542946,
OFFSHORE HAKE,69,164793,78,2.754542946,
OFFSHORE HAKE,69,164793,79,2.754542946,
OFFSHORE HAKE,69,164793,80,2.754542946,
OFFSHORE HAKE,69,164793,81,2.754542946,
OFFSHORE HAKE,69,164793,82,2.754542946,
OFFSHORE HAKE,69,164793,83,2.754542946,
OFFSHORE HAKE,69,164793,84,2.754542946,
OFFSHORE HAKE,69,164793,85,2.754542946,
OFFSHORE HAKE,69,164793,86,2.754542946,
OFFSHORE HAKE,69,164793,87,2.754542946,
OFFSHORE HAKE,69,164793,88,2.754542946,
OFFSHORE HAKE,69,164793,89,2.754542946,
OFFSHORE HAKE,69,164793,90,2.754542946,
OFFSHORE HAKE,69,164793,91,2.754542946,
OFFSHORE HAKE,69,164793,92,2.754542946,
OFFSHORE HAKE,69,164793,93,2.754542946,
RED HAKE,77,164730,1,0.000992264,
RED HAKE,77,164730,2,0.003277761,
RED HAKE,77,164730,3,0.010813115,
RED HAKE,77,164730,4,0.035517196,
RED HAKE,77,164730,5,0.115030556,
RED HAKE,77,164730,6,0.356523389,
RED HAKE,77,164730,7,0.977308213,
RED HAKE,77,164730,8,2.065403615,
RED HAKE,77,164730,9,3.114306893,
RED HAKE,77,164730,10,3.679088848,
RED HAKE,77,164730,11,3.891740122,
RED HAKE,77,164730,12,3.959766414,
RED HAKE,77,164730,13,3.979240951,
RED HAKE,77,164730,14,3.983195002,
RED HAKE,77,164730,15,3.981930819,
RED HAKE,77,164730,16,3.978485928,
RED HAKE,77,164730,17,3.973638621,
RED HAKE,77,164730,18,3.967447242,
RED HAKE,77,164730,19,3.959711339,
RED HAKE,77,164730,20,3.950102814,
RED HAKE,77,164730,21,3.938195698,
RED HAKE,77,164730,22,3.923463937,
RED HAKE,77,164730,23,3.905268454,
RED HAKE,77,164730,24,3.882840425,
RED HAKE,77,164730,25,3.855263861,
RED HAKE,77,164730,26,3.82146008,
RED HAKE,77,164730,27,3.780177334,
RED HAKE,77,164730,28,3.729990228,
RED HAKE,77,164730,29,3.66931517,
RED HAKE,77,164730,30,3.596449711,
RED HAKE,77,164730,31,3.509644653,
RED HAKE,77,164730,32,3.407217271,
RED HAKE,77,164730,33,3.287710717,
RED HAKE,77,164730,34,3.150097213,
RED HAKE,77,164730,35,2.994010486,
RED HAKE,77,164730,36,2.819977013,
RED HAKE,77,164730,37,2.62960006,
RED HAKE,77,164730,38,2.425642071,
RED HAKE,77,164730,39,2.211957574,
RED HAKE,77,164730,40,1.993254788,
RED HAKE,77,164730,41,1.774705669,
RED HAKE,77,164730,42,1.561467737,
RED HAKE,77,164730,43,1.358208712,
RED HAKE,77,164730,44,1.168724071,
RED HAKE,77,164730,45,0.995708593,
RED HAKE,77,164730,46,0.840698962,
RED HAKE,77,164730,47,0.704163586,
RED HAKE,77,164730,48,0.585690873,
RED HAKE,77,164730,49,0.48422168,
RED HAKE,77,164730,50,0.398280715,
RED HAKE,77,164730,51,0.398280715,
RED HAKE,77,164730,52,0.398280715,
RED HAKE,77,164730,53,0.398280715,
RED HAKE,77,164730,54,0.398280715,
RED HAKE,77,164730,55,0.398280715,
RED HAKE,77,164730,56,0.398280715,
RED HAKE,77,164730,57,0.398280715,
RED HAKE,77,164730,58,0.398280715,
RED HAKE,77,164730,59,0.398280715,
RED HAKE,77,164730,60,0.398280715,
RED HAKE,77,164730,61,0.398280715,
RED HAKE,77,164730,62,0.398280715,
RED HAKE,77,164730,63,0.398280715,
RED HAKE,77,164730,64,0.398280715,
RED HAKE,77,164730,65,0.398280715,
RED HAKE,77,164730,66,0.398280715,
RED HAKE,77,164730,67,0.398280715,
RED HAKE,77,164730,68,0.398280715,
RED HAKE,77,164730,69,0.398280715,
RED HAKE,77,164730,70,0.398280715,
RED HAKE,77,164730,71,0.398280715,
RED HAKE,77,164730,72,0.398280715,
RED HAKE,77,164730,73,0.398280715,
RED HAKE,77,164730,74,0.398280715,
RED HAKE,77,164730,75,0.398280715,
RED HAKE,77,164730,76,0.398280715,
RED HAKE,77,164730,77,0.398280715,
RED HAKE,77,164730,78,0.398280715,
RED HAKE,77,164730,79,0.398280715,
RED HAKE,77,164730,80,0.398280715,
SCUP,143,169182,1,55.818,
SCUP,143,169182,2,55.818,
SCUP,143,169182,3,35.073,
SCUP,143,169182,4,22.78,
SCUP,143,169182,5,15.277,
SCUP,143,169182,6,10.568,
SCUP,143,169182,7,7.533,
SCUP,143,169182,8,5.526,
SCUP,143,169182,9,4.168,
SCUP,143,169182,10,3.23,
SCUP,143,169182,11,2.567,
SCUP,143,169182,12,2.091,
SCUP,143,169182,13,1.744,
SCUP,143,169182,14,1.488,
SCUP,143,169182,15,1.297,
SCUP,143,169182,16,1.153,
SCUP,143,169182,17,1.046,
SCUP,143,169182,18,0.966,
SCUP,143,169182,19,0.907,
SCUP,143,169182,20,0.866,
SCUP,143,169182,21,0.839,
SCUP,143,169182,22,0.825,
SCUP,143,169182,23,0.821,
SCUP,143,169182,24,0.827,
SCUP,143,169182,25,0.842,
SCUP,143,169182,26,0.866,
SCUP,143,169182,27,0.897,
SCUP,143,169182,28,0.938,
SCUP,143,169182,29,0.986,
SCUP,143,169182,30,1.043,
SCUP,143,169182,31,1.108,
SCUP,143,169182,32,1.18,
SCUP,143,169182,33,1.261,
SCUP,143,169182,34,1.348,
SCUP,143,169182,35,1.442,
SCUP,143,169182,36,1.54,
SCUP,143,169182,37,1.642,
SCUP,143,169182,38,1.642,
SCUP,143,169182,39,1.642,
SCUP,143,169182,40,1.642,
SCUP,143,169182,41,1.642,
SCUP,143,169182,42,1.642,
SCUP,143,169182,43,1.642,
SCUP,143,169182,44,1.642,
SCUP,143,169182,45,1.642,
SCUP,143,169182,46,1.642,
SCUP,143,169182,47,1.642,
SCUP,143,169182,48,1.642,
SCUP,143,169182,49,1.642,
SCUP,143,169182,50,1.642,
SILVER HAKE,72,164791,1,8.887730704,
SILVER HAKE,72,164791,2,8.887730704,
SILVER HAKE,72,164791,3,8.887730704,
SILVER HAKE,72,164791,4,8.887730704,
SILVER HAKE,72,164791,5,8.887730704,
SILVER HAKE,72,164791,6,8.887730704,
SILVER HAKE,72,164791,7,8.887730704,
SILVER HAKE,72,164791,8,8.887730704,
SILVER HAKE,72,164791,9,8.887730704,
SILVER HAKE,72,164791,10,8.887730704,
SILVER HAKE,72,164791,11,8.887730704,
SILVER HAKE,72,164791,12,8.887730704,
SILVER HAKE,72,164791,13,8.887730704,
SILVER HAKE,72,164791,14,8.887730704,
SILVER HAKE,72,164791,15,8.887730704,
SILVER HAKE,72,164791,16,8.887730702,
SILVER HAKE,72,164791,17,8.887616518,
SILVER HAKE,72,164791,18,6.156113376,
SILVER HAKE,72,164791,19,4.712154241,
SILVER HAKE,72,164791,20,4.712122333,
SILVER HAKE,72,164791,21,4.712122333,
SILVER HAKE,72,164791,22,4.712122333,
SILVER HAKE,72,164791,23,4.712122333,
SILVER HAKE,72,164791,24,4.712122333,
SILVER HAKE,72,164791,25,4.712122333,
SILVER HAKE,72,164791,26,4.712122333,
SILVER HAKE,72,164791,27,4.712122333,
SILVER HAKE,72,164791,28,4.712122333,
SILVER HAKE,72,164791,29,4.712122333,
SILVER HAKE,72,164791,30,4.712122333,
SILVER HAKE,72,164791,31,4.712122333,
SILVER HAKE,72,164791,32,4.712122333,
SILVER HAKE,72,164791,33,4.712122333,
SILVER HAKE,72,164791,34,4.712122333,
SILVER HAKE,72,164791,35,4.712122333,
SILVER HAKE,72,164791,36,4.712122333,
SILVER HAKE,72,164791,37,4.712122333,
SILVER HAKE,72,164791,38,4.712122333,
SILVER HAKE,72,164791,39,4.712122333,
SILVER HAKE,72,164791,40,4.712122333,
SILVER HAKE,72,164791,41,4.712122333,
SILVER HAKE,72,164791,42,4.712122333,
SILVER HAKE,72,164791,43,4.712122333,
SILVER HAKE,72,164791,44,4.712122333,
SILVER HAKE,72,164791,45,4.712122333,
SILVER HAKE,72,164791,46,4.712122333,
SILVER HAKE,72,164791,47,4.712122333,
SILVER HAKE,72,164791,48,4.712122333,
SILVER HAKE,72,164791,49,4.712122333,
SILVER HAKE,72,164791,50,4.712122333,
SILVER HAKE,72,164791,51,4.712122333,
SILVER HAKE,72,164791,52,4.712122333,
SILVER HAKE,72,164791,53,4.712122333,
SILVER HAKE,72,164791,54,4.712122333,
SILVER HAKE,72,164791,55,4.712122333,
SILVER HAKE,72,164791,56,4.712122333,
SILVER HAKE,72,164791,57,4.712122333,
SILVER HAKE,72,164791,58,4.712122333,
SILVER HAKE,72,164791,59,4.712122333,
SILVER HAKE,72,164791,60,4.712122333,
SILVER HAKE,72,164791,61,4.712122333,
SILVER HAKE,72,164791,62,4.712122333,
SILVER HAKE,72,164791,63,4.712122333,
SILVER HAKE,72,164791,64,4.712122333,
SILVER HAKE,72,164791,65,4.712122333,
SILVER HAKE,72,164791,66,4.712122333,
SILVER HAKE,72,164791,67,4.712122333,
SILVER HAKE,72,164791,68,4.712122333,
SILVER HAKE,72,164791,69,4.712122333,
SILVER HAKE,72,164791,70,4.712122333,
SILVER HAKE,72,164791,71,4.712122333,
SILVER HAKE,72,164791,72,4.712122333,
SILVER HAKE,72,164791,73,4.712122333,
SILVER HAKE,72,164791,74,4.712122333,
SILVER HAKE,72,164791,75,4.712122333,
SILVER HAKE,72,164791,76,4.712122333,
SILVER HAKE,72,164791,77,4.712122333,
SILVER HAKE,72,164791,78,4.712122333,
SILVER HAKE,72,164791,79,4.712122333,
SILVER HAKE,72,164791,80,4.712122333,
SUMMER FLOUNDER,103,172735,1,43.22503398,
SUMMER FLOUNDER,103,172735,2,43.22503398,
SUMMER FLOUNDER,103,172735,3,43.22503398,
SUMMER FLOUNDER,103,172735,4,43.22503398,
SUMMER FLOUNDER,103,172735,5,43.22503398,
SUMMER FLOUNDER,103,172735,6,43.22503398,
SUMMER FLOUNDER,103,172735,7,43.22503398,
SUMMER FLOUNDER,103,172735,8,43.22503398,
SUMMER FLOUNDER,103,172735,9,43.22503398,
SUMMER FLOUNDER,103,172735,10,43.22503398,
SUMMER FLOUNDER,103,172735,11,43.22503398,
SUMMER FLOUNDER,103,172735,12,43.22503398,
SUMMER FLOUNDER,103,172735,13,43.22503398,
SUMMER FLOUNDER,103,172735,14,43.22503398,
SUMMER FLOUNDER,103,172735,15,43.22503398,
SUMMER FLOUNDER,103,172735,16,27.35419252,
SUMMER FLOUNDER,103,172735,17,18.15291566,
SUMMER FLOUNDER,103,172735,18,12.59311101,
SUMMER FLOUNDER,103,172735,19,9.103390939,
SUMMER FLOUNDER,103,172735,20,6.837534519,
SUMMER FLOUNDER,103,172735,21,5.320592299,
SUMMER FLOUNDER,103,172735,22,4.27744112,
SUMMER FLOUNDER,103,172735,23,3.543586293,
SUMMER FLOUNDER,103,172735,24,3.017087447,
SUMMER FLOUNDER,103,172735,25,2.633652644,
SUMMER FLOUNDER,103,172735,26,2.351579005,
SUMMER FLOUNDER,103,172735,27,2.142485403,
SUMMER FLOUNDER,103,172735,28,1.988416434,
SUMMER FLOUNDER,103,172735,29,1.875471137,
SUMMER FLOUNDER,103,172735,30,1.794382206,
SUMMER FLOUNDER,103,172735,31,1.738199161,
SUMMER FLOUNDER,103,172735,32,1.701709142,
SUMMER FLOUNDER,103,172735,33,1.682016116,
SUMMER FLOUNDER,103,172735,34,1.675065636,
SUMMER FLOUNDER,103,172735,35,1.678540876,
SUMMER FLOUNDER,103,172735,36,1.690704215,
SUMMER FLOUNDER,103,172735,37,1.709238828,
SUMMER FLOUNDER,103,172735,38,1.732986301,
SUMMER FLOUNDER,103,172735,39,1.760209014,
SUMMER FLOUNDER,103,172735,40,1.789748553,
SUMMER FLOUNDER,103,172735,41,1.819867299,
SUMMER FLOUNDER,103,172735,42,1.849406838,
SUMMER FLOUNDER,103,172735,43,1.877787964,
SUMMER FLOUNDER,103,172735,44,1.903852263,
SUMMER FLOUNDER,103,172735,45,1.927020529,
SUMMER FLOUNDER,103,172735,46,1.946713555,
SUMMER FLOUNDER,103,172735,47,1.962931342,
SUMMER FLOUNDER,103,172735,48,1.974515475,
SUMMER FLOUNDER,103,172735,49,1.982624368,
SUMMER FLOUNDER,103,172735,50,1.987258021,
SUMMER FLOUNDER,103,172735,51,1.988995641,
SUMMER FLOUNDER,103,172735,52,1.988416434,
SUMMER FLOUNDER,103,172735,53,1.986678814,
SUMMER FLOUNDER,103,172735,54,1.985520401,
SUMMER FLOUNDER,103,172735,55,1.986099608,
SUMMER FLOUNDER,103,172735,56,1.990154054,
SUMMER FLOUNDER,103,172735,57,1.999421361,
SUMMER FLOUNDER,103,172735,58,2.016218353,
SUMMER FLOUNDER,103,172735,59,2.042861859,
SUMMER FLOUNDER,103,172735,60,2.082827118,
SUMMER FLOUNDER,103,172735,61,2.13958937,
SUMMER FLOUNDER,103,172735,62,2.217782268,
SUMMER FLOUNDER,103,172735,63,2.323197879,
SUMMER FLOUNDER,103,172735,64,2.463365888,
SUMMER FLOUNDER,103,172735,65,2.64987043,
SUMMER FLOUNDER,103,172735,66,2.89545405,
SUMMER FLOUNDER,103,172735,67,3.222126602,
SUMMER FLOUNDER,103,172735,68,3.65826921,
SUMMER FLOUNDER,103,172735,69,4.247322374,
SUMMER FLOUNDER,103,172735,70,5.054736446,
SUMMER FLOUNDER,103,172735,71,6.18013497,
SUMMER FLOUNDER,103,172735,72,7.784537394,
SUMMER FLOUNDER,103,172735,73,10.1274283,
SUMMER FLOUNDER,103,172735,74,13.6455295,
SUMMER FLOUNDER,103,172735,75,19.0964433,
SUMMER FLOUNDER,103,172735,76,27.84130532,
SUMMER FLOUNDER,103,172735,77,42.41530308,
SUMMER FLOUNDER,103,172735,78,42.41530308,
SUMMER FLOUNDER,103,172735,79,42.41530308,
SUMMER FLOUNDER,103,172735,80,42.41530308,
SUMMER FLOUNDER,103,172735,81,42.41530308,
SUMMER FLOUNDER,103,172735,82,42.41530308,
SUMMER FLOUNDER,103,172735,83,42.41530308,
SUMMER FLOUNDER,103,172735,84,42.41530308,
SUMMER FLOUNDER,103,172735,85,42.41530308,
SUMMER FLOUNDER,103,172735,86,42.41530308,
SUMMER FLOUNDER,103,172735,87,42.41530308,
SUMMER FLOUNDER,103,172735,88,42.41530308,
SUMMER FLOUNDER,103,172735,89,42.41530308,
SUMMER FLOUNDER,103,172735,90,42.41530308,
SUMMER FLOUNDER,103,172735,91,42.41530308,
SUMMER FLOUNDER,103,172735,92,42.41530308,
SUMMER FLOUNDER,103,172735,93,42.41530308,
SUMMER FLOUNDER,103,172735,94,42.41530308,
SUMMER FLOUNDER,103,172735,95,42.41530308,
SUMMER FLOUNDER,103,172735,96,42.41530308,
SUMMER FLOUNDER,103,172735,97,42.41530308,
SUMMER FLOUNDER,103,172735,98,42.41530308,
SUMMER FLOUNDER,103,172735,99,42.41530308,
SUMMER FLOUNDER,103,172735,100,42.41530308,
WINTER FLOUNDER,106,172905,1,61.5968,
WINTER FLOUNDER,106,172905,2,61.5968,
WINTER FLOUNDER,106,172905,3,61.5968,
WINTER FLOUNDER,106,172905,4,61.5968,
WINTER FLOUNDER,106,172905,5,61.5968,
WINTER FLOUNDER,106,172905,6,61.5968,
WINTER FLOUNDER,106,172905,7,61.5968,
WINTER FLOUNDER,106,172905,8,61.5968,
WINTER FLOUNDER,106,172905,9,61.5968,
WINTER FLOUNDER,106,172905,10,61.5968,
WINTER FLOUNDER,106,172905,11,61.5968,
WINTER FLOUNDER,106,172905,12,61.5968,
WINTER FLOUNDER,106,172905,13,61.5968,
WINTER FLOUNDER,106,172905,14,61.5968,
WINTER FLOUNDER,106,172905,15,61.5968,
WINTER FLOUNDER,106,172905,16,38.6987,
WINTER FLOUNDER,106,172905,17,25.0026,
WINTER FLOUNDER,106,172905,18,16.6121,
WINTER FLOUNDER,106,172905,19,11.3505,
WINTER FLOUNDER,106,172905,20,7.9754,
WINTER FLOUNDER,106,172905,21,5.763,
WINTER FLOUNDER,106,172905,22,4.2824,
WINTER FLOUNDER,106,172905,23,3.2725,
WINTER FLOUNDER,106,172905,24,2.5717,
WINTER FLOUNDER,106,172905,25,2.0784,
WINTER FLOUNDER,106,172905,26,1.7273,
WINTER FLOUNDER,106,172905,27,1.4763,
WINTER FLOUNDER,106,172905,28,1.2975,
WINTER FLOUNDER,106,172905,29,1.1728,
WINTER FLOUNDER,106,172905,30,1.0901,
WINTER FLOUNDER,106,172905,31,1.042,
WINTER FLOUNDER,106,172905,32,1.0243,
WINTER FLOUNDER,106,172905,33,1.0354,
WINTER FLOUNDER,106,172905,34,1.0764,
WINTER FLOUNDER,106,172905,35,1.1507,
WINTER FLOUNDER,106,172905,36,1.2651,
WINTER FLOUNDER,106,172905,37,1.4303,
WINTER FLOUNDER,106,172905,38,1.663,
WINTER FLOUNDER,106,172905,39,1.9884,
WINTER FLOUNDER,106,172905,40,2.4449,
WINTER FLOUNDER,106,172905,41,3.0915,
WINTER FLOUNDER,106,172905,42,4.02,
WINTER FLOUNDER,106,172905,43,5.3757,
WINTER FLOUNDER,106,172905,44,7.3926,
WINTER FLOUNDER,106,172905,45,10.4547,
WINTER FLOUNDER,106,172905,46,15.2046,
WINTER FLOUNDER,106,172905,47,22.74,
WINTER FLOUNDER,106,172905,48,34.9748,
WINTER FLOUNDER,106,172905,49,55.3187,
WINTER FLOUNDER,106,172905,50,89.9786,
WINTER FLOUNDER,106,172905,51,150.5071,
WINTER FLOUNDER,106,172905,52,258.8963,
WINTER FLOUNDER,106,172905,53,457.979,
WINTER FLOUNDER,106,172905,54,833.1365,
WINTER FLOUNDER,106,172905,55,1558.6106,
WINTER FLOUNDER,106,172905,56,1558.6106,
WINTER FLOUNDER,106,172905,57,1558.6106,
WINTER FLOUNDER,106,172905,58,1558.6106,
WINTER FLOUNDER,106,172905,59,1558.6106,
WINTER FLOUNDER,106,172905,60,1558.6106,
WINTER FLOUNDER,106,172905,61,1558.6106,
WINTER FLOUNDER,106,172905,62,1558.6106,
WINTER FLOUNDER,106,172905,63,1558.6106,
WINTER FLOUNDER,106,172905,64,1558.6106,
WINTER FLOUNDER,106,172905,65,1558.6106,
WINTER FLOUNDER,106,172905,66,1558.6106,
WINTER FLOUNDER,106,172905,67,1558.6106,
WINTER FLOUNDER,106,172905,68,1558.6106,
WINTER FLOUNDER,106,172905,69,1558.6106,
WINTER FLOUNDER,106,172905,70,1558.6106,
WINTER FLOUNDER,106,172905,71,1558.6106,
WINTER FLOUNDER,106,172905,72,1558.6106,
WINTER FLOUNDER,106,172905,73,1558.6106,
WINTER FLOUNDER,106,172905,74,1558.6106,
WINTER FLOUNDER,106,172905,75,1558.6106,
YELLOWTAIL FLOUNDER,105,172909,1,3.857302,
YELLOWTAIL FLOUNDER,105,172909,2,3.857302,
YELLOWTAIL FLOUNDER,105,172909,3,3.857302,
YELLOWTAIL FLOUNDER,105,172909,4,3.857302,
YELLOWTAIL FLOUNDER,105,172909,5,3.857302,
YELLOWTAIL FLOUNDER,105,172909,6,3.857302,
YELLOWTAIL FLOUNDER,105,172909,7,3.857302,
YELLOWTAIL FLOUNDER,105,172909,8,3.857302,
YELLOWTAIL FLOUNDER,105,172909,9,3.857302,
YELLOWTAIL FLOUNDER,105,172909,10,3.857302,
YELLOWTAIL FLOUNDER,105,172909,11,3.857302,
YELLOWTAIL FLOUNDER,105,172909,12,3.857302,
YELLOWTAIL FLOUNDER,105,172909,13,3.857302,
YELLOWTAIL FLOUNDER,105,172909,14,3.857302,
YELLOWTAIL FLOUNDER,105,172909,15,3.857302,
YELLOWTAIL FLOUNDER,105,172909,16,3.857302,
YELLOWTAIL FLOUNDER,105,172909,17,3.857302,
YELLOWTAIL FLOUNDER,105,172909,18,3.857302,
YELLOWTAIL FLOUNDER,105,172909,19,3.857302,
YELLOWTAIL FLOUNDER,105,172909,20,3.857302,
YELLOWTAIL FLOUNDER,105,172909,21,3.621597,
YELLOWTAIL FLOUNDER,105,172909,22,3.385892,
YELLOWTAIL FLOUNDER,105,172909,23,3.150187,
YELLOWTAIL FLOUNDER,105,172909,24,2.914482,
YELLOWTAIL FLOUNDER,105,172909,25,2.678777,
YELLOWTAIL FLOUNDER,105,172909,26,2.443072,
YELLOWTAIL FLOUNDER,105,172909,27,2.207367,
YELLOWTAIL FLOUNDER,105,172909,28,1.971662,
YELLOWTAIL FLOUNDER,105,172909,29,1.971657,
YELLOWTAIL FLOUNDER,105,172909,30,1.971657,
YELLOWTAIL FLOUNDER,105,172909,31,1.971657,
YELLOWTAIL FLOUNDER,105,172909,32,1.971657,
YELLOWTAIL FLOUNDER,105,172909,33,1.971657,
YELLOWTAIL FLOUNDER,105,172909,34,1.971657,
YELLOWTAIL FLOUNDER,105,172909,35,1.971657,
YELLOWTAIL FLOUNDER,105,172909,36,1.971657,
YELLOWTAIL FLOUNDER,105,172909,37,1.971657,
YELLOWTAIL FLOUNDER,105,172909,38,1.971657,
YELLOWTAIL FLOUNDER,105,172909,39,1.971657,
YELLOWTAIL FLOUNDER,105,172909,40,1.971657,
YELLOWTAIL FLOUNDER,105,172909,41,1.971657,
YELLOWTAIL FLOUNDER,105,172909,42,1.971657,
YELLOWTAIL FLOUNDER,105,172909,43,1.971657,
YELLOWTAIL FLOUNDER,105,172909,44,1.971657,
YELLOWTAIL FLOUNDER,105,172909,45,1.971657,
YELLOWTAIL FLOUNDER,105,172909,46,1.971657,
YELLOWTAIL FLOUNDER,105,172909,47,1.971657,
YELLOWTAIL FLOUNDER,105,172909,48,1.971657,
YELLOWTAIL FLOUNDER,105,172909,49,1.971657,
YELLOWTAIL FLOUNDER,105,172909,50,1.971657,
YELLOWTAIL FLOUNDER,105,172909,51,1.971657,
YELLOWTAIL FLOUNDER,105,172909,52,1.971657,
YELLOWTAIL FLOUNDER,105,172909,53,1.971657,
YELLOWTAIL FLOUNDER,105,172909,54,1.971657,
YELLOWTAIL FLOUNDER,105,172909,55,1.971657,
YELLOWTAIL FLOUNDER,105,172909,56,1.971657,
YELLOWTAIL FLOUNDER,105,172909,57,1.971657,
YELLOWTAIL FLOUNDER,105,172909,58,1.971657,
YELLOWTAIL FLOUNDER,105,172909,59,1.971657,
YELLOWTAIL FLOUNDER,105,172909,60,1.971657,
YELLOWTAIL FLOUNDER,105,172909,61,1.971657,
YELLOWTAIL FLOUNDER,105,172909,62,1.971657,
YELLOWTAIL FLOUNDER,105,172909,63,1.971657,
YELLOWTAIL FLOUNDER,105,172909,64,1.971657,
YELLOWTAIL FLOUNDER,105,172909,65,1.971657,
YELLOWTAIL FLOUNDER,105,172909,66,1.971657,
YELLOWTAIL FLOUNDER,105,172909,67,1.971657,
YELLOWTAIL FLOUNDER,105,172909,68,1.971657,
YELLOWTAIL FLOUNDER,105,172909,69,1.971657,
YELLOWTAIL FLOUNDER,105,172909,70,1.971657,
YELLOWTAIL FLOUNDER,105,172909,71,1.971657,
YELLOWTAIL FLOUNDER,105,172909,72,1.971657,
YELLOWTAIL FLOUNDER,105,172909,73,1.971657,
YELLOWTAIL FLOUNDER,105,172909,74,1.971657,
YELLOWTAIL FLOUNDER,105,172909,75,1.971657,
