AllStrata,YourStrata
1010,
1020,
1030,
1040,
1050,
1060,
1070,
1080,
1090,
1100,
1110,
1120,
1130,
1140,
1150,
1160,
1170,
1180,
1190,
1200,
1210,
1220,
1230,
1240,
1250,
1260,
1270,
1280,
1290,
1300,
1310,
1320,
1330,
1340,
1360,
1370,
1380,
1390,
1400,
1610,
1620,
1630,
1640,
1650,
1660,
1670,
1680,
1690,
1700,
1710,
1720,
1730,
1740,
1750,
1760,
3010,
3020,
3030,
3040,
3050,
3060,
3070,
3080,
3090,
3100,
3110,
3120,
3130,
3140,
3150,
3160,
3170,
3180,
3190,
3200,
3220,
3230,
3240,
3250,
3260,
3270,
3280,
3290,
3300,
3310,
3320,
3330,
3340,
3350,
3360,
3370,
3380,
3390,
3400,
3410,
3420,
3430,
3440,
3450,
3460,
3470,
3500,
3510,
3520,
3530,
3540,
3550,
3560,
3580,
3590,
3600,
3610,
3630,
3640,
3650,
3660,
3680,
3690,
3710,
3720,
3730,
3740,
3750,
3760,
3770,
3780,
3790,
3800,
3810,
3820,
3830,
3840,
3850,
3860,
3870,
3880,
3890,
3900,
3920,
7500,
7510,
7520,
7530,
7540,
7550,
7570,
7580,
7590,
7600,
7610,
7620,
7630,
7640,
7650,
7660,
7670,
8500,
8510,
8520,
8530,
8540,
8550,
8560,
8570,
8580,
8590,
8600,
8770,
