"YEAR","SEASON","LENGTH","SAGA Shiny App","StockEff","Percent difference","Absolute percent difference"
2009,"FALL",22,0.020804115929871,0.00469,343.5845614045,343.5845614045
2009,"FALL",23,0.0149457434420122,0.00337,343.493870682856,343.493870682856
2009,"FALL",24,0.0130989001522424,0.00295,344.030513635337,344.030513635337
2009,"FALL",25,0.0166019375657311,0.00374,343.902073950031,343.902073950031
2009,"FALL",26,0.0102579686274952,0.00231,344.067905952174,344.067905952174
2009,"FALL",27,0.00504204998618075,0.00114,342.285086507084,342.285086507084
2009,"FALL",28,0.0107435650778723,0.00242,343.948970160014,343.948970160014
2009,"FALL",29,0.00585837248785881,0.00132,343.816097565061,343.816097565061
2009,"FALL",30,0.00585837248785881,0.00132,343.816097565061,343.816097565061
2009,"FALL",32,0.00610415761835196,0.00137,345.558950244668,345.558950244668
2009,"FALL",33,0.0205575360005415,0.00463,344.007257031134,344.007257031134
2009,"FALL",34,0.0209609733260383,0.00472,344.08841792454,344.08841792454
2009,"FALL",35,0.0151026008381795,0.0034,344.194142299396,344.194142299396
2009,"FALL",36,0.00401152919808899,9e-04,345.725466454333,345.725466454333
2009,"FALL",37,0.00209262842026296,0.00047,345.240089417651,345.240089417651
2009,"FALL",38,0.00504204998618075,0.00114,342.285086507084,342.285086507084
2009,"FALL",41,0.0109004224740396,0.00246,343.106604635754,343.106604635754
2009,"FALL",43,0.0175751174635764,0.00396,343.816097565061,343.816097565061
2009,"FALL",44,0.0100983892589689,0.00227,344.862962950171,344.862962950171
2009,"FALL",45,0.0374643942940622,0.00844,343.890927654766,343.890927654766
2009,"FALL",46,0.0170681768186407,0.00384,344.483771318769,344.483771318769
2009,"FALL",47,0.0308239653898437,0.00694,344.149357202359,344.149357202359
2009,"FALL",48,0.020514950166113,0.00462,344.046540392055,344.046540392055
2009,"FALL",49,0.0233163084004084,0.00525,344.120160007778,344.120160007778
2009,"FALL",50,0.0211583911015348,0.00477,343.572140493392,343.572140493392
2009,"FALL",51,0.00610415761835196,0.00137,345.558950244668,345.558950244668
2009,"FALL",52,0.0218507634427404,0.00492,344.12120818578,344.12120818578
2009,"FALL",53,0.0098699016859478,0.00222,344.590166033685,344.590166033685
2009,"FALL",54,0.00420217836413991,0.00095,342.334564646306,342.334564646306
2009,"FALL",55,0.0273021220103385,0.00615,343.936943257537,343.936943257537
2009,"FALL",56,0.0222314464467108,0.00501,343.741446042131,343.741446042131
2009,"FALL",57,0.0120651873494689,0.00272,343.573064318711,343.573064318711
2009,"FALL",58,0.0234367332434612,0.00528,343.877523550402,343.877523550402
2009,"FALL",59,0.0192452718442769,0.00433,344.463552985609,344.463552985609
2009,"FALL",60,0.0123989644027548,0.00279,344.407326263614,344.407326263614
2009,"FALL",61,0.0243238441189245,0.00548,343.865768593512,343.865768593512
2009,"FALL",62,0.0163553576364016,0.00368,344.439066206565,344.439066206565
2009,"FALL",63,0.00585837248785881,0.00132,343.816097565061,343.816097565061
2009,"FALL",64,0.0147550942759613,0.00332,344.430550480763,344.430550480763
2009,"FALL",65,0.00418525684052592,0.00094,345.240089417651,345.240089417651
2009,"FALL",66,0.0258281675682078,0.00582,343.782947907351,343.782947907351
2009,"FALL",67,0.0292309834122919,0.00658,344.239869487719,344.239869487719
2009,"FALL",68,0.00838743520466582,0.00189,343.779640458509,343.779640458509
2009,"FALL",69,0.0224764367783675,0.00506,344.198355303706,344.198355303706
2009,"FALL",70,0.0177261420618312,0.00399,344.264212075971,344.264212075971
2009,"FALL",71,0.0138093733959806,0.00311,344.031298906128,344.031298906128
2009,"FALL",72,0.0209609733260383,0.00472,344.08841792454,344.08841792454
2009,"FALL",73,0.0109004224740396,0.00246,343.106604635754,343.106604635754
2009,"FALL",74,0.00809906423974415,0.00182,345.003529656272,345.003529656272
2009,"FALL",75,0.0294747943650301,0.00664,343.897505497441,343.897505497441
2009,"FALL",76,0.0210778023453232,0.00475,343.743207269961,343.743207269961
2009,"FALL",77,0.00420217836413991,0.00095,342.334564646306,342.334564646306
2009,"FALL",78,0.00657119167009797,0.00148,343.999437168782,343.999437168782
2009,"FALL",79,0.00644287011602524,0.00145,344.335870070707,344.335870070707
2009,"FALL",80,0.0214228796433558,0.00482,344.45808388705,344.45808388705
2009,"FALL",82,0.0207398654174822,0.00467,344.108467183773,344.108467183773
2009,"FALL",83,0.00600939708611363,0.00135,345.140524897306,345.140524897306
2009,"FALL",84,0.0182073243874878,0.0041,344.081082621655,344.081082621655
2009,"FALL",85,0.00482094207762467,0.00109,342.288264002263,342.288264002263
2009,"FALL",86,0.00482094207762467,0.00109,342.288264002263,342.288264002263
2009,"FALL",87,0.0155002566431081,0.00349,344.133428169288,344.133428169288
2009,"FALL",88,0.0167993553412276,0.00378,344.427389979567,344.427389979567
2009,"FALL",90,0.0301992321388618,0.0068,344.106354983261,344.106354983261
2009,"FALL",91,0.00482094207762467,0.00109,342.288264002263,342.288264002263
2009,"FALL",92,0.00902312044176457,0.00203,344.48869171254,344.48869171254
2009,"FALL",93,0.00964188415524934,0.00217,344.32645876725,344.32645876725
2009,"FALL",94,0.0130483278714415,0.00294,343.820675899372,343.820675899372
2009,"FALL",96,0.0136167415059506,0.00307,343.542068597741,343.542068597741
2009,"FALL",97,0.0140051460233479,0.00315,344.607810265014,344.607810265014
2009,"FALL",98,0.00407338676774457,0.00092,342.759431276583,342.759431276583
2009,"FALL",99,0.0351156868164409,0.00791,343.940414872831,343.940414872831
2009,"FALL",100,0.0106793145654835,0.00241,343.125085704708,343.125085704708
2009,"FALL",101,0.022084938527865,0.00497,344.364960319216,344.364960319216
2009,"FALL",102,0.00547834327002803,0.00123,345.393761790897,345.393761790897
2009,"FALL",103,0.0118677695739724,0.00267,344.485751834174,344.485751834174
2009,"FALL",104,0.00840435672827981,0.00189,344.674959168244,344.674959168244
2009,"FALL",105,0.00420217836413991,0.00095,342.334564646306,342.334564646306
2009,"FALL",107,0.00585837248785881,0.00132,343.816097565061,343.816097565061
2009,"FALL",108,0.0204634207082187,0.00461,343.891989332294,343.891989332294
2009,"FALL",109,0.00420217836413991,0.00095,342.334564646306,342.334564646306
2009,"FALL",110,0.00964188415524934,0.00217,344.32645876725,344.32645876725
2009,"FALL",111,0.00420217836413991,0.00095,342.334564646306,342.334564646306
2009,"FALL",112,0.0107435650778723,0.00242,343.948970160014,343.948970160014
2009,"FALL",113,0.00629480678440287,0.00142,343.296252422737,343.296252422737
2009,"FALL",115,0.0161849672944552,0.00365,343.423761491923,343.423761491923
2009,"FALL",116,0.0196122061103109,0.00442,343.715070369025,343.715070369025
2009,"FALL",117,0.0290589094642081,0.00654,344.325832786057,344.325832786057
2009,"FALL",118,0.00605579026335531,0.00136,345.278695834949,345.278695834949
2009,"FALL",121,0.0131632532193199,0.00296,344.704500652698,344.704500652698
2009,"FALL",123,0.00915172402123087,0.00206,344.258447632567,344.258447632567
2009,"FALL",124,0.00488519259001353,0.0011,344.108417273957,344.108417273957
2009,"FALL",125,0.0267123556350468,0.00602,343.726837791476,343.726837791476
2009,"FALL",127,0.00209262842026296,0.00047,345.240089417651,345.240089417651
2009,"FALL",130,0.00605579026335531,0.00136,345.278695834949,345.278695834949
2010,"FALL",21,0.00958923941511694,0.00216,343.946269218377,343.946269218377
2010,"FALL",22,0.0144917808399468,0.00326,344.533154599596,344.533154599596
2010,"FALL",23,0.00553559442492202,0.00125,342.847553993761,342.847553993761
2010,"FALL",24,0.00958923941511694,0.00216,343.946269218377,343.946269218377
2010,"FALL",25,0.00468669799028704,0.00106,342.1413198384,342.1413198384
2010,"FALL",26,0.0239080603484204,0.00538,344.387738818224,344.387738818224
2010,"FALL",27,0.0308281017622827,0.00694,344.208959110701,344.208959110701
2010,"FALL",28,0.01625976669606,0.00366,344.255920657376,344.255920657376
2010,"FALL",29,0.0106574889336369,0.0024,344.062038901538,344.062038901538
2010,"FALL",30,0.00597079094334987,0.00134,345.581413682826,345.581413682826
2010,"FALL",31,0.014275937405404,0.00322,343.352093335527,343.352093335527
2010,"FALL",32,0.00490254142482989,0.0011,345.685584075444,345.685584075444
2010,"FALL",33,0.0119664784617207,0.0027,343.202905989655,343.202905989655
2010,"FALL",34,0.0188528491772066,0.00425,343.59645122839,343.59645122839
2010,"FALL",35,0.00980508284965978,0.00221,343.668907224424,343.668907224424
2010,"FALL",36,0.0108733323681798,0.00245,343.8094844155,343.8094844155
2010,"FALL",37,0.0414722101578026,0.00934,344.027946015017,344.027946015017
2010,"FALL",38,0.0392466537687053,0.00884,343.966671591689,343.966671591689
2010,"FALL",39,0.0253651132081266,0.00571,344.222648128311,344.222648128311
2010,"FALL",40,0.0102889757527101,0.00232,343.490334168539,343.490334168539
2010,"FALL",42,0.0267369473947434,0.00602,344.135338783113,344.135338783113
2010,"FALL",43,0.0308344630017153,0.00694,344.300619621258,344.300619621258
2010,"FALL",44,0.0341774040001228,0.0077,343.862389611985,343.862389611985
2010,"FALL",45,0.0340688242235998,0.00767,344.182845157754,344.182845157754
2010,"FALL",46,0.0321472912087671,0.00724,344.023359237115,344.023359237115
2010,"FALL",47,0.024994187143277,0.00563,343.946485670995,343.946485670995
2010,"FALL",48,0.0233558389597399,0.00526,344.027356649048,344.027356649048
2010,"FALL",49,0.0219583404623086,0.00495,343.602837622395,343.602837622395
2010,"FALL",50,0.0646255862211167,0.01456,343.857048221955,343.857048221955
2010,"FALL",51,0.0360111957814015,0.00811,344.034473260191,344.034473260191
2010,"FALL",52,0.043670895794124,0.00984,343.809916606951,343.809916606951
2010,"FALL",53,0.0301413072566387,0.00679,343.907323367286,343.907323367286
2010,"FALL",54,0.0505654922502555,0.01139,343.946376209443,343.946376209443
2010,"FALL",55,0.0325388364635018,0.00733,343.913185040953,343.913185040953
2010,"FALL",56,0.0114344375567576,0.00258,343.195254137892,343.195254137892
2010,"FALL",57,0.0260143983364262,0.00586,343.931712225703,343.931712225703
2010,"FALL",58,0.0260648495457198,0.00587,344.034915599996,344.034915599996
2010,"FALL",59,0.0145145935606709,0.00327,343.871362711647,343.871362711647
2010,"FALL",60,0.00468669799028704,0.00106,342.1413198384,342.1413198384
2010,"FALL",61,0.0167132791969922,0.00376,344.502106302985,344.502106302985
2010,"FALL",62,0.0260646301926359,0.00587,344.031178750185,344.031178750185
2010,"FALL",63,0.0244205788289177,0.0055,344.010524162141,344.010524162141
2010,"FALL",64,0.0119415818866997,0.00269,343.924977200734,343.924977200734
2010,"FALL",65,0.0160127751236055,0.00361,343.567177939209,343.567177939209
2010,"FALL",66,0.0169291226315351,0.00381,344.333927336879,344.333927336879
2010,"FALL",67,0.0188261977775145,0.00424,344.014098526287,344.014098526287
2010,"FALL",68,0.00418525684052592,0.00094,345.240089417651,345.240089417651
2010,"FALL",69,0.0312972980087127,0.00705,343.933305088123,343.933305088123
2010,"FALL",70,0.0156434393686141,0.00352,344.415891153809,344.415891153809
2010,"FALL",71,0.0284922107719912,0.00642,343.803906105782,343.803906105782
2010,"FALL",72,0.00600939708611363,0.00135,345.140524897306,345.140524897306
2010,"FALL",74,0.00998232014143887,0.00225,343.658672952839,343.658672952839
2010,"FALL",75,0.00869822718837604,0.00196,343.787101447757,343.787101447757
2010,"FALL",76,0.0185443290647223,0.00418,343.644235998142,343.644235998142
2010,"FALL",77,0.00958923941511694,0.00216,343.946269218377,343.946269218377
2010,"FALL",78,0.0112567615588108,0.00254,343.179588929557,343.179588929557
2010,"FALL",79,0.025097283092703,0.00565,344.199700755805,344.199700755805
2010,"FALL",80,0.00638449085955699,0.00144,343.367420802569,343.367420802569
2010,"FALL",81,0.00401152919808899,9e-04,345.725466454333,345.725466454333
2010,"FALL",82,0.0106770113581027,0.0024,344.875473254278,344.875473254278
2010,"FALL",83,0.0034745528487385,0.00078,345.455493428013,345.455493428013
2010,"FALL",84,0.0133108935128519,0.003,343.696450428396,343.696450428396
2010,"FALL",85,0.00566983851225964,0.00128,342.956133770285,342.956133770285
2010,"FALL",86,0.0215942143430594,0.00486,344.325398005338,344.325398005338
2010,"FALL",87,0.0148621036838157,0.00335,343.64488608405,343.64488608405
2010,"FALL",88,0.0126303505700987,0.00284,344.730653876713,344.730653876713
2010,"FALL",89,0.0217080585935958,0.00489,343.92757860114,343.92757860114
2010,"FALL",90,0.0117345125755123,0.00264,344.489112708799,344.489112708799
2010,"FALL",91,0.00677932641055,0.00153,343.093229447713,343.093229447713
2010,"FALL",92,0.000848896434634974,0.00019,346.787597176302,346.787597176302
2010,"FALL",93,0.00778615706558218,0.00175,344.92326089041,344.92326089041
2010,"FALL",94,0.00482094207762467,0.00109,342.288264002263,342.288264002263
2010,"FALL",95,0.0147865913846883,0.00333,344.041783323972,344.041783323972
2010,"FALL",96,0.0107424882536424,0.00242,343.904473291006,343.904473291006
2010,"FALL",98,0.0169687158631763,0.00382,344.207221549118,344.207221549118
2010,"FALL",99,0.00659770205709322,0.00149,342.798795778068,342.798795778068
2010,"FALL",100,0.00597079094334987,0.00134,345.581413682826,345.581413682826
2010,"FALL",101,0.0206986505398279,0.00466,344.1770502109,344.1770502109
2010,"FALL",102,0.0107424882536424,0.00242,343.904473291006,343.904473291006
2010,"FALL",103,0.0209552388097024,0.00472,343.966923934373,343.966923934373
2010,"FALL",104,0.00714323317671523,0.00161,343.679079299082,343.679079299082
2010,"FALL",105,0.0136007686132059,0.00306,344.46956252307,344.46956252307
2010,"FALL",106,0.00605579026335531,0.00136,345.278695834949,345.278695834949
2010,"FALL",107,0.00891407062291888,0.00201,343.486100642731,343.486100642731
2010,"FALL",109,0.00490254142482989,0.0011,345.685584075444,345.685584075444
2010,"FALL",111,0.00490254142482989,0.0011,345.685584075444,345.685584075444
2010,"FALL",112,0.0206818151906398,0.00466,343.815776623171,343.815776623171
2010,"FALL",113,0.00468669799028704,0.00106,342.1413198384,342.1413198384
2010,"FALL",114,0.00482094207762467,0.00109,342.288264002263,342.288264002263
2010,"FALL",115,0.0218712572880062,0.00493,343.636050466657,343.636050466657
2010,"FALL",116,0.01087673234098,0.00245,343.948258815509,343.948258815509
2010,"FALL",117,0.00553559442492202,0.00125,342.847553993761,342.847553993761
2010,"FALL",118,0.00605579026335531,0.00136,345.278695834949,345.278695834949
2010,"FALL",119,0.00605579026335531,0.00136,345.278695834949,345.278695834949
2010,"FALL",120,0.00605579026335531,0.00136,345.278695834949,345.278695834949
2010,"FALL",121,0.016732801621458,0.00377,343.840891815862,343.840891815862
2010,"FALL",122,0.0131990234400705,0.00297,344.411563638739,344.411563638739
2010,"FALL",123,0.0106770113581027,0.0024,344.875473254278,344.875473254278
2010,"FALL",126,0.00490254142482989,0.0011,345.685584075444,345.685584075444
2010,"FALL",127,0.00605579026335531,0.00136,345.278695834949,345.278695834949
2010,"FALL",128,0.0106770113581027,0.0024,344.875473254278,344.875473254278
2010,"FALL",133,0.00401152919808899,9e-04,345.725466454333,345.725466454333
2011,"FALL",18,0.00597079094334987,0.00134,345.581413682826,345.581413682826
2011,"FALL",23,0.00534822700890533,0.0012,345.685584075445,345.685584075445
2011,"FALL",24,0.0119415818866997,0.00269,343.924977200734,343.924977200734
2011,"FALL",25,0.0223564663095598,0.00504,343.580680745235,343.580680745235
2011,"FALL",26,0.0172898088956051,0.00389,344.468095002701,344.468095002701
2011,"FALL",27,0.0424437164201052,0.00956,343.971929080599,343.971929080599
2011,"FALL",28,0.0125511555605921,0.00283,343.503730056259,343.503730056259
2011,"FALL",29,0.0303387948262983,0.00683,344.199045773035,344.199045773035
2011,"FALL",30,0.0137933207384781,0.00311,343.515136285469,343.515136285469
2011,"FALL",31,0.0204152541894872,0.0046,343.809873684505,343.809873684505
2011,"FALL",32,0.0247105636058137,0.00557,343.636689511916,343.636689511916
2011,"FALL",33,0.0074408554291683,0.00168,342.908061260018,342.908061260018
2011,"FALL",34,0.0261153306667975,0.00588,344.138276646216,344.138276646216
2011,"FALL",35,0.01638567536621,0.00369,344.05624298672,344.05624298672
2011,"FALL",36,0.0266283676182203,0.006,343.806126970339,343.806126970339
2011,"FALL",37,0.0210184124978613,0.00473,344.363900589034,344.363900589034
2011,"FALL",38,0.0360046151888849,0.00811,343.953331552219,343.953331552219
2011,"FALL",39,0.082637051094626,0.01861,344.046486268812,344.046486268812
2011,"FALL",40,0.0689738850752788,0.01553,344.133194303148,344.133194303148
2011,"FALL",41,0.0449347997172453,0.01012,344.019760051831,344.019760051831
2011,"FALL",42,0.0416298381385048,0.00938,343.814905527769,343.814905527769
2011,"FALL",43,0.0363619726986884,0.00819,343.980130631117,343.980130631117
2011,"FALL",44,0.051407808092374,0.01158,343.936166600811,343.936166600811
2011,"FALL",45,0.0459676949312516,0.01035,344.132318176344,344.132318176344
2011,"FALL",46,0.0507655963888443,0.01143,344.143450471079,344.143450471079
2011,"FALL",47,0.054447775477704,0.01226,344.109098513083,344.109098513083
2011,"FALL",48,0.0423721289743716,0.00954,344.152295328843,344.152295328843
2011,"FALL",49,0.0415518965751919,0.00936,343.930518965725,343.930518965725
2011,"FALL",50,0.0842001697166146,0.01896,344.093722134043,344.093722134043
2011,"FALL",51,0.0270366136191145,0.00609,343.950962547036,343.950962547036
2011,"FALL",52,0.0387043246343598,0.00872,343.856933880272,343.856933880272
2011,"FALL",53,0.0655699639195513,0.01477,343.940175487822,343.940175487822
2011,"FALL",54,0.0488163522425377,0.01099,344.188828412536,344.188828412536
2011,"FALL",55,0.0235608244166305,0.00531,343.706674512815,343.706674512815
2011,"FALL",56,0.044071495773237,0.00993,343.821709700272,343.821709700272
2011,"FALL",57,0.0511814584997354,0.01153,343.898165652519,343.898165652519
2011,"FALL",58,0.0468848472086123,0.01056,343.985295536102,343.985295536102
2011,"FALL",59,0.0114583071605222,0.00258,344.120432578379,344.120432578379
2011,"FALL",60,0.0423130916586517,0.00953,343.998863154792,343.998863154792
2011,"FALL",61,0.00209262842026296,0.00047,345.240089417651,345.240089417651
2011,"FALL",62,0.0339749012213181,0.00765,344.116355834223,344.116355834223
2011,"FALL",63,0.0399600996740413,0.009,344.001107489348,344.001107489348
2011,"FALL",64,0.0177149550545531,0.00399,343.983835953712,343.983835953712
2011,"FALL",65,0.0339087662665268,0.00764,343.832019195376,343.832019195376
2011,"FALL",66,0.0141734995152297,0.00319,344.310329631024,344.310329631024
2011,"FALL",68,0.0301171000770243,0.00678,344.205015885314,344.205015885314
2011,"FALL",69,0.013896237217199,0.00313,343.969240166103,343.969240166103
2011,"FALL",70,0.0188404557279671,0.00424,344.35037094262,344.35037094262
2011,"FALL",71,0.0248557668011216,0.0056,343.852978591456,343.852978591456
2011,"FALL",72,0.0195202309349267,0.0044,343.641612157425,343.641612157425
2011,"FALL",73,0.0112336198084609,0.00253,344.016593219798,344.016593219798
2011,"FALL",74,0.0310716064753258,0.007,343.880092504654,343.880092504654
2011,"FALL",75,0.0196567782296451,0.00443,343.719598863321,343.719598863321
2011,"FALL",76,0.0210380047164901,0.00474,343.839761951268,343.839761951268
2011,"FALL",77,0.0105556692203354,0.00238,343.51551345947,343.51551345947
2011,"FALL",78,0.00611008015161685,0.00138,342.759431276583,342.759431276583
2011,"FALL",79,0.0200230978797331,0.00451,343.971128153727,343.971128153727
2011,"FALL",80,0.0114523846272573,0.00258,343.890877025476,343.890877025476
2011,"FALL",82,0.00177675997946855,4e-04,344.189994867138,344.189994867138
2011,"FALL",84,0.00965866466616654,0.00218,343.058012209474,343.058012209474
2011,"FALL",85,0.0295340581556872,0.00665,344.121175273492,344.121175273492
2011,"FALL",86,0.00602617759703084,0.00136,343.101293899326,343.101293899326
2011,"FALL",87,0.00386938839973151,0.00087,344.757287325461,344.757287325461
2011,"FALL",88,0.00602617759703084,0.00136,343.101293899326,343.101293899326
2011,"FALL",89,0.00578828917755755,0.0013,345.253013658273,345.253013658273
2011,"FALL",90,0.00401152919808899,9e-04,345.725466454333,345.725466454333
2011,"FALL",91,0.0290171227017281,0.00654,343.686891463732,343.686891463732
2011,"FALL",93,0.0170838762322159,0.00385,343.737044992622,343.737044992622
2011,"FALL",94,0.0721157733042283,0.01624,344.062643498943,344.062643498943
2011,"FALL",96,0.0267764309498427,0.00603,344.053581257756,344.053581257756
2011,"FALL",97,0.0150333636040589,0.00339,343.462053217077,343.462053217077
2011,"FALL",98,0.00842315842118424,0.0019,343.32412743075,343.32412743075
2011,"FALL",99,0.00832313341493268,0.00187,345.087348392122,345.087348392122
2011,"FALL",101,0.00534822700890533,0.0012,345.685584075445,345.685584075445
2011,"FALL",102,0.0307879601479317,0.00693,344.270709205364,344.270709205364
2011,"FALL",103,0.00578828917755755,0.0013,345.253013658273,345.253013658273
2011,"FALL",104,0.00520744221143005,0.00117,345.080530891457,345.080530891457
2011,"FALL",106,0.0196675108626781,0.00443,343.961870489347,343.961870489347
2011,"FALL",107,0.0258076181724857,0.00581,344.193083863781,344.193083863781
2011,"FALL",108,0.00634275110130916,0.00143,343.549028063578,343.549028063578
2011,"FALL",109,0.00534822700890533,0.0012,345.685584075445,345.685584075445
2011,"FALL",110,0.0109284840006994,0.00246,344.247317101603,344.247317101603
2011,"FALL",111,0.0191196124389949,0.00431,343.610497424476,343.610497424476
2011,"FALL",112,0.012202572174144,0.00275,343.7298972416,343.7298972416
2011,"FALL",113,0.00845277108750872,0.0019,344.882688816248,344.882688816248
2011,"FALL",114,0.0147079832158997,0.00331,344.349946099688,344.349946099688
2011,"FALL",115,0.0081188060172938,0.00183,343.650602037912,343.650602037912
2011,"FALL",116,0.00209262842026296,0.00047,345.240089417651,345.240089417651
2011,"FALL",117,0.0141005646148379,0.00318,343.413981598677,343.413981598677
2011,"FALL",118,0.0109172029849568,0.00246,343.788739225885,343.788739225885
2011,"FALL",119,0.00611008015161685,0.00138,342.759431276583,342.759431276583
2011,"FALL",120,0.00418525684052592,0.00094,345.240089417651,345.240089417651
2011,"FALL",121,0.00534822700890533,0.0012,345.685584075445,345.685584075445
2011,"FALL",122,0.00610415761835196,0.00137,345.558950244668,345.558950244668
2011,"FALL",123,0.00418525684052592,0.00094,345.240089417651,345.240089417651
2011,"FALL",125,0.00611008015161685,0.00138,342.759431276583,342.759431276583
2011,"FALL",126,0.00418525684052592,0.00094,345.240089417651,345.240089417651
2011,"FALL",131,0.00610415761835196,0.00137,345.558950244668,345.558950244668
2012,"FALL",19,0.00468669799028704,0.00106,342.1413198384,342.1413198384
2012,"FALL",20,0.00284281596714968,0.00064,344.189994867138,344.189994867138
2012,"FALL",23,0.00468669799028704,0.00106,342.1413198384,342.1413198384
2012,"FALL",24,0.0106574889336369,0.0024,344.062038901538,344.062038901538
2012,"FALL",25,0.015344186923924,0.00346,343.473610518034,343.473610518034
2012,"FALL",26,0.0364978896545999,0.00822,344.013256138685,344.013256138685
2012,"FALL",27,0.0391676866585067,0.00882,344.078080028421,344.078080028421
2012,"FALL",28,0.0382750292836367,0.00862,344.025861759126,344.025861759126
2012,"FALL",29,0.00597079094334987,0.00134,345.581413682826,345.581413682826
2012,"FALL",30,0.0221294358677389,0.00498,344.36618208311,344.36618208311
2012,"FALL",31,0.0159914472545262,0.0036,344.206868181283,344.206868181283
2012,"FALL",32,0.0126047453158836,0.00284,343.829060418437,343.829060418437
2012,"FALL",33,0.0137067161527224,0.00309,343.58304701367,343.58304701367
2012,"FALL",34,0.0498124615499354,0.01122,343.961332887125,343.961332887125
2012,"FALL",35,0.0161527223911241,0.00364,343.756109646266,343.756109646266
2012,"FALL",36,0.0496902818822114,0.01119,344.059712977761,344.059712977761
2012,"FALL",37,0.00937339598057409,0.00211,344.236776330526,344.236776330526
2012,"FALL",38,0.0119801880294635,0.0027,343.710667757908,343.710667757908
2012,"FALL",39,0.0351918107732061,0.00793,343.780715929459,343.780715929459
2012,"FALL",40,0.0562477917050113,0.01267,343.944685911691,343.944685911691
2012,"FALL",41,0.031664824100762,0.00713,344.10692988446,344.10692988446
2012,"FALL",42,0.0256718784959398,0.00578,344.150146988577,344.150146988577
2012,"FALL",43,0.0536745522412992,0.01209,343.958248480556,343.958248480556
2012,"FALL",44,0.0370418853026347,0.00834,344.147305786987,344.147305786987
2012,"FALL",45,0.0520164707168695,0.01172,343.826541952811,343.826541952811
2012,"FALL",46,0.0647334573184457,0.01458,343.988047451616,343.988047451616
2012,"FALL",47,0.0629741865290884,0.01418,344.105687793289,344.105687793289
2012,"FALL",48,0.0574313534523982,0.01294,343.82807923028,343.82807923028
2012,"FALL",49,0.0431497719234127,0.00972,343.927694685316,343.927694685316
2012,"FALL",50,0.0728326396713888,0.0164,344.101461410907,344.101461410907
2012,"FALL",51,0.0483864977715414,0.0109,343.912823592123,343.912823592123
2012,"FALL",52,0.0720129635985244,0.01622,343.976347709769,343.976347709769
2012,"FALL",53,0.0354348539901507,0.00798,344.045789350259,344.045789350259
2012,"FALL",54,0.0647418433555757,0.01458,344.045564853057,344.045564853057
2012,"FALL",55,0.0360585760475206,0.00812,344.071133590156,344.071133590156
2012,"FALL",56,0.0636389951064014,0.01433,344.09626731613,344.09626731613
2012,"FALL",57,0.0278470933522854,0.00627,344.132270371379,344.132270371379
2012,"FALL",58,0.0341653986371087,0.00769,344.283467322609,344.283467322609
2012,"FALL",59,0.0406123545056304,0.00915,343.850868913994,343.850868913994
2012,"FALL",60,0.0189776695185942,0.00427,344.441909100567,344.441909100567
2012,"FALL",61,0.0170134638922889,0.00383,344.215767422686,344.215767422686
2012,"FALL",62,0.0499506455561259,0.01125,344.005738276674,344.005738276674
2012,"FALL",63,0.0368472094406867,0.0083,343.942282417913,343.942282417913
2012,"FALL",64,0.0285321330332583,0.00643,343.734572834499,343.734572834499
2012,"FALL",65,0.0270873639462497,0.0061,344.055146659831,344.055146659831
2012,"FALL",66,0.0394713303832031,0.00889,343.996967190136,343.996967190136
2012,"FALL",67,0.0468271673181453,0.01055,343.859405859197,343.859405859197
2012,"FALL",68,0.0186572959029231,0.0042,344.221331021978,344.221331021978
2012,"FALL",69,0.0261461789198987,0.00589,343.907961288602,343.907961288602
2012,"FALL",70,0.035542058591571,0.008,344.275732394637,344.275732394637
2012,"FALL",71,0.0399174354992257,0.00899,344.020417121531,344.020417121531
2012,"FALL",72,0.0255767889340756,0.00576,344.041474549924,344.041474549924
2012,"FALL",73,0.0270773833809329,0.0061,343.891530834966,343.891530834966
2012,"FALL",74,0.0295832730112353,0.00666,344.193288456986,344.193288456986
2012,"FALL",75,0.0153617351706348,0.00346,343.980785278461,343.980785278461
2012,"FALL",77,0.0298033389926429,0.00671,344.163025225676,344.163025225676
2012,"FALL",78,0.00968251931403903,0.00218,344.152262111882,344.152262111882
2012,"FALL",79,0.0335395252321852,0.00755,344.232122280599,344.232122280599
2012,"FALL",80,0.0105960700701491,0.00239,343.35021214013,343.35021214013
2012,"FALL",81,0.0195763226520916,0.00441,343.907543131329,343.907543131329
2012,"FALL",82,0.021621852831629,0.00487,343.980550957473,343.980550957473
2012,"FALL",83,0.00786836385209662,0.00177,344.540330626928,344.540330626928
2012,"FALL",84,0.0145852252536818,0.00328,344.671501636641,344.671501636641
2012,"FALL",85,0.0033429409984075,0.00075,345.725466454333,345.725466454333
2012,"FALL",86,0.0120187941722273,0.00271,343.497939934585,343.497939934585
2012,"FALL",87,0.00256643108145457,0.00058,342.488117492168,342.488117492168
2012,"FALL",88,0.0359402121592669,0.00809,344.254785652249,344.254785652249
2012,"FALL",89,0.0219705736150637,0.00495,343.849972021488,343.849972021488
2012,"FALL",90,0.0211023150524473,0.00475,344.259264262049,344.259264262049
2012,"FALL",91,0.00786836385209662,0.00177,344.540330626928,344.540330626928
2012,"FALL",92,0.0186046511627907,0.00419,344.025087417439,344.025087417439
2012,"FALL",93,0.00668588199681499,0.00151,342.773642173178,342.773642173178
2012,"FALL",94,0.0245368359633768,0.00553,343.704086137013,343.704086137013
2012,"FALL",95,0.00590937207986207,0.00133,344.313690215193,344.313690215193
2012,"FALL",96,0.0256846009748051,0.00578,344.370259079673,344.370259079673
2012,"FALL",97,0.0164396362248457,0.0037,344.314492563397,344.314492563397
2012,"FALL",98,0.0152617101643832,0.00344,343.654365243697,343.654365243697
2012,"FALL",99,0.00877851041707795,0.00198,343.359111973634,343.359111973634
2012,"FALL",100,0.0122684179816884,0.00276,344.507897887261,344.507897887261
2012,"FALL",101,0.00434319106092312,0.00098,343.182761318686,343.182761318686
2012,"FALL",102,0.0264563441805121,0.00596,343.898392290471,343.898392290471
2012,"FALL",103,0.00590937207986207,0.00133,344.313690215193,344.313690215193
2012,"FALL",104,0.0139241541154519,0.00314,343.444398581272,343.444398581272
2012,"FALL",105,0.0149348740693945,0.00336,344.490299684361,344.490299684361
2012,"FALL",106,0.0211160330568472,0.00476,343.614139849731,343.614139849731
2012,"FALL",107,0.00668588199681499,0.00151,342.773642173178,342.773642173178
2012,"FALL",108,0.00877851041707795,0.00198,343.359111973634,343.359111973634
2012,"FALL",109,0.0152661520643319,0.00344,343.783490242206,343.783490242206
2012,"FALL",110,0.0241871871476641,0.00545,343.801599039708,343.801599039708
2012,"FALL",111,0.00968569209971666,0.00218,344.297802739296,344.297802739296
2012,"FALL",112,0.0401090488546563,0.00903,344.175513340601,344.175513340601
2012,"FALL",113,0.028983091637571,0.00653,343.845201187918,343.845201187918
2012,"FALL",114,0.00452542285368913,0.00102,343.668907224424,343.668907224424
2012,"FALL",115,0.0237939419065293,0.00536,343.916826614352,343.916826614352
2012,"FALL",116,0.00209262842026296,0.00047,345.240089417651,345.240089417651
2012,"FALL",117,0.00736039272976139,0.00166,343.397152395264,343.397152395264
2012,"FALL",118,0.00871067969421505,0.00196,344.422433378319,344.422433378319
2012,"FALL",120,0.00668588199681499,0.00151,342.773642173178,342.773642173178
2012,"FALL",121,0.00452542285368913,0.00102,343.668907224424,343.668907224424
2012,"FALL",122,0.00661805127395209,0.00149,344.164515030342,344.164515030342
2012,"FALL",127,0.00605579026335531,0.00136,345.278695834949,345.278695834949
2012,"FALL",129,0.00594509529638049,0.00134,343.663828088096,343.663828088096
2012,"FALL",130,0.00209262842026296,0.00047,345.240089417651,345.240089417651
2012,"FALL",132,0.00594509529638049,0.00134,343.663828088096,343.663828088096
2013,"FALL",22,0.00420217836413991,0.00095,342.334564646306,342.334564646306
2013,"FALL",23,0.00872586567694555,0.00197,342.937344007388,342.937344007388
2013,"FALL",24,0.0106574889336369,0.0024,344.062038901538,344.062038901538
2013,"FALL",25,0.040801679116521,0.00919,343.979098112306,343.979098112306
2013,"FALL",26,0.0293446168559684,0.00661,343.94276635353,343.94276635353
2013,"FALL",27,0.0369759106443277,0.00833,343.888483125183,343.888483125183
2013,"FALL",28,0.0324159987365262,0.0073,344.054777212688,344.054777212688
2013,"FALL",29,0.0213535840100376,0.00481,343.941455510137,343.941455510137
2013,"FALL",30,0.0064634579697556,0.00146,342.702600668192,342.702600668192
2013,"FALL",31,0.0167054921625143,0.00376,344.295004322189,344.295004322189
2013,"FALL",32,0.00468669799028704,0.00106,342.1413198384,342.1413198384
2013,"FALL",34,0.0147563206591121,0.00332,344.467489732293,344.467489732293
2013,"FALL",35,0.0168577232027305,0.0038,343.624294808697,343.624294808697
2013,"FALL",36,0.0157232290528772,0.00354,344.159012793143,344.159012793143
2013,"FALL",37,0.0190731893499691,0.0043,343.562543022536,343.562543022536
2013,"FALL",38,0.00937339598057409,0.00211,344.236776330526,344.236776330526
2013,"FALL",39,0.0246965250084451,0.00556,344.182104468437,344.182104468437
2013,"FALL",40,0.0462457719693081,0.01042,343.817389340769,343.817389340769
2013,"FALL",41,0.0125044418999487,0.00282,343.419925530095,343.419925530095
2013,"FALL",42,0.0305936133156096,0.00689,344.029220836133,344.029220836133
2013,"FALL",43,0.0283461216181238,0.00638,344.29657708658,344.29657708658
2013,"FALL",44,0.0171209469033925,0.00386,343.547847238148,343.547847238148
2013,"FALL",45,0.0488664145986371,0.01101,343.836644855923,343.836644855923
2013,"FALL",46,0.0630286957704338,0.0142,343.864054721365,343.864054721365
2013,"FALL",47,0.0322094778080485,0.00725,344.268659421359,344.268659421359
2013,"FALL",48,0.022718618251054,0.00512,343.723012715898,343.723012715898
2013,"FALL",49,0.0461619007508769,0.0104,343.864430296894,343.864430296894
2013,"FALL",50,0.0409572787933825,0.00922,344.222112726492,344.222112726492
2013,"FALL",51,0.0434316912561474,0.00978,344.086822659993,344.086822659993
2013,"FALL",52,0.0168577232027305,0.0038,343.624294808697,343.624294808697
2013,"FALL",53,0.0326749450520525,0.00736,343.953057772452,343.953057772452
2013,"FALL",54,0.0443470516751995,0.00999,343.914431183178,343.914431183178
2013,"FALL",55,0.0167469498953686,0.00377,344.216177595983,344.216177595983
2013,"FALL",56,0.0601365880317197,0.01354,344.140236571047,344.140236571047
2013,"FALL",57,0.0281903809285655,0.00635,343.943006749062,343.943006749062
2013,"FALL",58,0.0371926314912061,0.00838,343.826151446374,343.826151446374
2013,"FALL",59,0.0474865426883036,0.0107,343.79946437667,343.79946437667
2013,"FALL",60,0.0619819428541346,0.01396,343.99672531615,343.99672531615
2013,"FALL",61,0.0293507587423171,0.00661,344.035684452604,344.035684452604
2013,"FALL",62,0.0241010127218521,0.00543,343.849221396909,343.849221396909
2013,"FALL",63,0.0241696389009533,0.00544,344.294832738112,344.294832738112
2013,"FALL",64,0.0167892850405584,0.00378,344.160979908952,344.160979908952
2013,"FALL",65,0.0194645152516199,0.00438,344.39532537945,344.39532537945
2013,"FALL",66,0.0271488924862795,0.00611,344.335392574132,344.335392574132
2013,"FALL",67,0.00917005567181269,0.00207,342.997858541676,342.997858541676
2013,"FALL",68,0.0150950018206306,0.0034,343.970641783253,343.970641783253
2013,"FALL",69,0.0119497292869583,0.00269,344.227854533767,344.227854533767
2013,"FALL",70,0.018945525855148,0.00427,343.689130097143,343.689130097143
2013,"FALL",71,0.0295040865479528,0.00665,343.670474405305,343.670474405305
2013,"FALL",72,0.0317954488622155,0.00716,344.070514835413,344.070514835413
2013,"FALL",73,0.00896276700754136,0.00202,343.701337006998,343.701337006998
2013,"FALL",74,0.0109698477250892,0.00247,344.123389679723,344.123389679723
2013,"FALL",75,0.0241507745357392,0.00544,343.948061318735,343.948061318735
2013,"FALL",76,0.0203726370189038,0.00459,343.848301065443,343.848301065443
2013,"FALL",77,0.0131304756013565,0.00296,343.597148694475,343.597148694475
2013,"FALL",78,0.00840341664363459,0.00189,344.625219239925,344.625219239925
2013,"FALL",80,0.0102115754502535,0.0023,343.981541315371,343.981541315371
2013,"FALL",81,0.0105881733591293,0.00238,344.881233576859,344.881233576859
2013,"FALL",82,0.013318241841162,0.003,343.941394705401,343.941394705401
2013,"FALL",83,0.00711800757206845,0.0016,344.875473254278,344.875473254278
2013,"FALL",84,0.0152077493057475,0.00343,343.374615327915,343.374615327915
2013,"FALL",85,0.0156907647964623,0.00353,344.497586302047,344.497586302047
2013,"FALL",86,0.0167015438070044,0.00376,344.189994867138,344.189994867138
2013,"FALL",87,0.00888887635442695,0.002,344.443817721348,344.443817721348
2013,"FALL",88,0.0205437324243341,0.00463,343.709123635727,343.709123635727
2013,"FALL",89,0.0127466077045577,0.00287,344.132672632673,344.132672632673
2013,"FALL",90,0.00634275110130916,0.00143,343.549028063578,343.549028063578
2013,"FALL",91,0.00407338676774457,0.00092,342.759431276583,342.759431276583
2013,"FALL",92,0.00724523236072176,0.00163,344.492782866366,344.492782866366
2013,"FALL",93,0.00724523236072176,0.00163,344.492782866366,344.492782866366
2013,"FALL",94,0.0100696226688251,0.00227,343.595712283044,343.595712283044
2013,"FALL",95,0.00814677353548913,0.00183,345.178881720718,345.178881720718
2013,"FALL",96,0.00407338676774457,0.00092,342.759431276583,342.759431276583
2013,"FALL",97,0.00420217836413991,0.00095,342.334564646306,342.334564646306
2013,"FALL",98,0.00571571464294645,0.00129,343.078654491973,343.078654491973
2013,"FALL",99,0.00420217836413991,0.00095,342.334564646306,342.334564646306
2013,"FALL",100,0.0133614230625325,0.00301,343.901098423008,343.901098423008
2013,"FALL",101,0.0127163369789816,0.00286,344.627167097258,344.627167097258
2013,"FALL",102,0.00420217836413991,0.00095,342.334564646306,342.334564646306
2013,"FALL",103,0.00420217836413991,0.00095,342.334564646306,342.334564646306
2013,"FALL",104,0.0134902146589279,0.00304,343.757061148944,343.757061148944
2013,"FALL",105,0.0169551159719754,0.00382,343.851203454855,343.851203454855
2013,"FALL",107,0.0033429409984075,0.00075,345.725466454333,345.725466454333
2013,"FALL",108,0.0188297074268567,0.00424,344.096873274922,344.096873274922
2013,"FALL",109,0.00724523236072176,0.00163,344.492782866366,344.492782866366
2013,"FALL",110,0.0075451193625474,0.0017,343.830550738082,343.830550738082
2013,"FALL",111,0.0033429409984075,0.00075,345.725466454333,345.725466454333
2013,"FALL",112,0.0105881733591293,0.00238,344.881233576859,344.881233576859
2013,"FALL",113,0.0104609485704759,0.00236,343.260532647286,343.260532647286
2013,"FALL",114,0.00711800757206845,0.0016,344.875473254278,344.875473254278
2013,"FALL",115,0.0205450798789923,0.00463,343.738226328127,343.738226328127
2013,"FALL",116,0.0100288229952225,0.00226,343.753229877101,343.753229877101
2013,"FALL",117,0.015843873249014,0.00357,343.805973361737,343.805973361737
2013,"FALL",118,0.00711800757206845,0.0016,344.875473254278,344.875473254278
2013,"FALL",120,0.012068806675353,0.00272,343.706127770333,343.706127770333
2013,"FALL",122,0.00704499433128959,0.00159,343.081404483622,343.081404483622
2013,"FALL",125,0.00711800757206845,0.0016,344.875473254278,344.875473254278
2013,"FALL",128,0.00401745173135389,9e-04,346.383525705988,346.383525705988
2014,"FALL",21,0.00468669799028704,0.00106,342.1413198384,342.1413198384
2014,"FALL",22,0.0067171398112686,0.00151,344.843696110504,344.843696110504
2014,"FALL",24,0.00224069175188534,5e-04,348.138350377068,348.138350377068
2014,"FALL",25,0.0160905357918427,0.00362,344.489939001179,344.489939001179
2014,"FALL",26,0.0067171398112686,0.00151,344.843696110504,344.843696110504
2014,"FALL",27,0.0160905357918427,0.00362,344.489939001179,344.489939001179
2014,"FALL",28,0.0067171398112686,0.00151,344.843696110504,344.843696110504
2014,"FALL",29,0.0296661101365567,0.00668,344.103445158034,344.103445158034
2014,"FALL",30,0.0169287152615221,0.00381,344.323235210555,344.323235210555
2014,"FALL",31,0.0126065350924197,0.00284,343.892080719004,343.892080719004
2014,"FALL",32,0.026147772845467,0.00589,343.935022843243,343.935022843243
2014,"FALL",33,0.0174132348876693,0.00392,344.215175705849,344.215175705849
2014,"FALL",34,0.0114038378015556,0.00257,343.729097336796,343.729097336796
2014,"FALL",35,0.0298370175250579,0.00672,344.003236980029,344.003236980029
2014,"FALL",36,0.0153523343241825,0.00346,343.709084513946,343.709084513946
2014,"FALL",37,0.0209362961041012,0.00472,343.565595425873,343.565595425873
2014,"FALL",38,0.0127163369789816,0.00286,344.627167097258,344.627167097258
2014,"FALL",39,0.0229381123476358,0.00517,343.67722142429,343.67722142429
2014,"FALL",40,0.0228076756031113,0.00514,343.729097336796,343.729097336796
2014,"FALL",41,0.0220694741354511,0.00497,344.053805542277,344.053805542277
2014,"FALL",42,0.0324387017807083,0.00731,343.757890296968,343.757890296968
2014,"FALL",43,0.0241303746989379,0.00543,344.389957623165,344.389957623165
2014,"FALL",44,0.0301093130425463,0.00678,344.090162869415,344.090162869415
2014,"FALL",45,0.051604724489393,0.01162,344.102620390645,344.102620390645
2014,"FALL",46,0.0759264534178657,0.0171,344.014347472899,344.014347472899
2014,"FALL",47,0.0446347959170244,0.01005,344.127322557456,344.127322557456
2014,"FALL",48,0.0265253343411041,0.00597,344.310457974943,344.310457974943
2014,"FALL",49,0.0282470053603626,0.00636,344.135304408218,344.135304408218
2014,"FALL",50,0.0361904385870904,0.00815,344.054461191293,344.054461191293
2014,"FALL",51,0.0382012796432191,0.0086,344.200926083943,344.200926083943
2014,"FALL",52,0.0253494294626288,0.00571,343.947976578438,343.947976578438
2014,"FALL",53,0.0313189904619012,0.00705,344.240999459591,344.240999459591
2014,"FALL",54,0.0240793751069346,0.00542,344.268913412078,344.268913412078
2014,"FALL",55,0.0190685829352075,0.00429,344.489112708799,344.489112708799
2014,"FALL",56,0.0319278832866111,0.00719,344.059572831865,344.059572831865
2014,"FALL",57,0.024416113426853,0.0055,343.92933503369,343.92933503369
2014,"FALL",58,0.0169948737184296,0.00383,343.730384293201,343.730384293201
2014,"FALL",59,0.00468669799028704,0.00106,342.1413198384,342.1413198384
2014,"FALL",60,0.0212322817546492,0.00478,344.189994867138,344.189994867138
2014,"FALL",61,0.0316334017714955,0.00712,344.289350723251,344.289350723251
2014,"FALL",62,0.0352359236425648,0.00794,343.777375850942,343.777375850942
2014,"FALL",63,0.0188653836391429,0.00425,343.891379744538,343.891379744538
2014,"FALL",64,0.0119027877270069,0.00268,344.133870410706,344.133870410706
2014,"FALL",65,0.0343475671549466,0.00774,343.76701750577,343.76701750577
2014,"FALL",66,0.00980639896816309,0.00221,343.728460097877,343.728460097877
2014,"FALL",67,0.0138846976781789,0.00313,343.600564798049,343.600564798049
2014,"FALL",68,0.0288875477014617,0.00651,343.741132126908,343.741132126908
2014,"FALL",69,0.00600939708611363,0.00135,345.140524897306,345.140524897306
2014,"FALL",70,0.0461575136891992,0.0104,343.822247011531,343.822247011531
2014,"FALL",71,0.0236224704672409,0.00532,344.031399760167,344.031399760167
2014,"FALL",72,0.0171468305672909,0.00386,344.21840847904,344.21840847904
2014,"FALL",73,0.0206247050484426,0.00465,343.542044052528,343.542044052528
2014,"FALL",74,0.0248957602809224,0.00561,343.77469306457,343.77469306457
2014,"FALL",75,0.018216646893553,0.0041,344.308460818365,344.308460818365
2014,"FALL",76,0.016814729998289,0.00379,343.660422118444,343.660422118444
2014,"FALL",77,0.0316692189964784,0.00713,344.168569375574,344.168569375574
2014,"FALL",78,0.0159588769372794,0.00359,344.53696204121,344.53696204121
2014,"FALL",79,0.0033429409984075,0.00075,345.725466454333,345.725466454333
2014,"FALL",80,0.010260271834876,0.00231,344.167611899394,344.167611899394
2014,"FALL",81,0.00543932975725134,0.00123,342.221931483849,342.221931483849
2014,"FALL",82,0.00177675997946855,4e-04,344.189994867138,344.189994867138
2014,"FALL",83,0.00932187934201595,0.0021,343.899016286474,343.899016286474
2014,"FALL",84,0.0282688544943253,0.00637,343.781075264134,343.781075264134
2014,"FALL",85,0.00505107479877488,0.00114,343.076736734639,343.076736734639
2014,"FALL",86,0.00566983851225964,0.00128,342.956133770285,342.956133770285
2014,"FALL",87,0.0276343756991879,0.00622,344.28256751106,344.28256751106
2014,"FALL",88,0.0167635110532019,0.00378,343.479128391584,343.479128391584
2014,"FALL",89,0.0302308894892896,0.00681,343.919082074737,343.919082074737
2014,"FALL",90,0.0100288229952225,0.00226,343.753229877101,343.753229877101
2014,"FALL",91,0.00177675997946855,4e-04,344.189994867138,344.189994867138
2014,"FALL",92,0.00968569209971666,0.00218,344.297802739296,344.297802739296
2014,"FALL",93,0.0100288229952225,0.00226,343.753229877101,343.753229877101
2014,"FALL",94,0.0142360151441369,0.00321,343.489568353175,343.489568353175
2014,"FALL",95,0.0100288229952225,0.00226,343.753229877101,343.753229877101
2014,"FALL",96,0.00711800757206845,0.0016,344.875473254278,344.875473254278
2014,"FALL",99,0.0218127448528799,0.00491,344.251422665578,344.251422665578
2014,"FALL",100,0.00597893834360846,0.00135,342.884321748775,342.884321748775
2014,"FALL",101,0.0113201859362084,0.00255,343.928860243465,343.928860243465
2014,"FALL",102,0.0117256757798472,0.00264,344.154385600273,344.154385600273
2014,"FALL",103,0.0335184046638226,0.00755,343.952379653279,343.952379653279
2014,"FALL",104,0.0142310013593624,0.00321,343.333375681071,343.333375681071
2014,"FALL",105,0.00633957831563154,0.00143,343.327154939268,343.327154939268
2014,"FALL",107,0.00892547698328091,0.00201,344.053581257757,344.053581257757
2014,"FALL",108,0.0109591542622498,0.00247,343.690455961529,343.690455961529
2014,"FALL",109,0.0232569107189078,0.00524,343.834174024958,343.834174024958
2014,"FALL",110,0.0282596965030731,0.00636,344.33485067725,344.33485067725
2014,"FALL",111,0.0171468305672909,0.00386,344.21840847904,344.21840847904
2014,"FALL",112,0.0100288229952225,0.00226,343.753229877101,343.753229877101
2014,"FALL",113,0.0278797769617843,0.00628,343.945493022043,343.945493022043
2014,"FALL",115,0.0278797769617843,0.00628,343.945493022043,343.945493022043
2014,"FALL",117,0.00892547698328091,0.00201,344.053581257757,344.053581257757
2014,"FALL",118,0.0213490089314308,0.00481,343.846339530787,343.846339530787
2014,"FALL",119,0.0131276553474208,0.00296,343.501869845298,343.501869845298
2014,"FALL",120,0.0160434845553494,0.00361,344.417854718819,344.417854718819
2014,"FALL",121,0.0260027412868255,0.00586,343.732786464598,343.732786464598
2014,"FALL",123,0.0133651834011134,0.00301,344.026026615064,344.026026615064
2014,"FALL",125,0.0178509539665618,0.00402,344.053581257757,344.053581257757
2014,"FALL",128,0.00892547698328091,0.00201,344.053581257757,344.053581257757
2014,"FALL",129,0.00892547698328091,0.00201,344.053581257757,344.053581257757
2014,"FALL",136,0.0100288229952225,0.00226,343.753229877101,343.753229877101
2015,"FALL",19,0.00151353627880654,0.00034,345.157729060748,345.157729060748
2015,"FALL",23,0.00420217836413991,0.00095,342.334564646306,342.334564646306
2015,"FALL",25,0.013575574344714,0.00306,343.64622041549,343.64622041549
2015,"FALL",26,0.00888887635442695,0.002,344.443817721348,344.443817721348
2015,"FALL",27,0.0105047408468658,0.00237,343.23801041628,343.23801041628
2015,"FALL",28,0.00420217836413991,0.00095,342.334564646306,342.334564646306
2015,"FALL",30,0.0103140916808149,0.00232,344.572917276506,344.572917276506
2015,"FALL",32,0.0067171398112686,0.00151,344.843696110504,344.843696110504
2015,"FALL",33,0.00629480678440287,0.00142,343.296252422737,343.296252422737
2015,"FALL",34,0.00644287011602524,0.00145,344.335870070707,344.335870070707
2015,"FALL",35,0.0082196300954938,0.00185,344.304329486151,344.304329486151
2015,"FALL",36,0.0192837683104987,0.00434,344.326458767251,344.326458767251
2015,"FALL",37,0.0195545126883225,0.0044,344.420742916419,344.420742916419
2015,"FALL",38,0.0326837818477176,0.00736,344.073122930945,344.073122930945
2015,"FALL",39,0.0214940013198788,0.00484,344.090936361133,344.090936361133
2015,"FALL",40,0.0143832950718883,0.00324,343.928860243465,343.928860243465
2015,"FALL",41,0.0213015189887697,0.0048,343.78164559937,343.78164559937
2015,"FALL",42,0.0274285206640006,0.00618,343.827195210365,343.827195210365
2015,"FALL",43,0.00177675997946855,4e-04,344.189994867138,344.189994867138
2015,"FALL",44,0.0231119810027695,0.00521,343.608080667361,343.608080667361
2015,"FALL",45,0.0246588902864814,0.00555,344.304329486151,344.304329486151
2015,"FALL",46,0.0353490628296172,0.00796,344.083703889663,344.083703889663
2015,"FALL",47,0.0161270580803096,0.00363,344.271572460318,344.271572460318
2015,"FALL",48,0.0228363011805583,0.00514,344.286015185959,344.286015185959
2015,"FALL",49,0.0390667215676099,0.0088,343.940017813749,343.940017813749
2015,"FALL",50,0.0497566590895844,0.01121,343.859581530637,343.859581530637
2015,"FALL",51,0.0164503061855689,0.00371,343.404479395389,343.404479395389
2015,"FALL",52,0.0393607800446352,0.00887,343.751747966575,343.751747966575
2015,"FALL",53,0.0471181235158413,0.01061,344.091644824141,344.091644824141
2015,"FALL",54,0.0301027324500298,0.00678,343.99310398274,343.99310398274
2015,"FALL",55,0.0304496706883488,0.00686,343.87275055902,343.87275055902
2015,"FALL",56,0.0382697178053912,0.00862,343.964243682032,343.964243682032
2015,"FALL",57,0.0332623569426191,0.00749,344.090212852057,344.090212852057
2015,"FALL",58,0.0239918062222322,0.0054,344.292707819116,344.292707819116
2015,"FALL",59,0.0209868256537819,0.00473,343.696102616953,343.696102616953
2015,"FALL",60,0.0331944358270019,0.00748,343.775880040132,343.775880040132
2015,"FALL",61,0.0306179928440757,0.0069,343.739026725734,343.739026725734
2015,"FALL",62,0.0146991635126827,0.00331,344.083489809144,344.083489809144
2015,"FALL",63,0.0126569471315197,0.00285,344.103408123499,344.103408123499
2015,"FALL",64,0.0201294684573399,0.00453,344.359127093596,344.359127093596
2015,"FALL",65,0.0117407171341708,0.00264,344.724133870104,344.724133870104
2015,"FALL",66,0.00916018478303786,0.00206,344.669164225139,344.669164225139
2015,"FALL",67,0.0304811400218476,0.00687,343.684716475219,343.684716475219
2015,"FALL",68,0.00722925092175299,0.00163,343.512326487914,343.512326487914
2015,"FALL",69,0.0106085731959306,0.00239,343.873355478266,343.873355478266
2015,"FALL",70,0.0160373740051554,0.00361,344.248587400427,344.248587400427
2015,"FALL",71,0.00994574301470104,0.00224,344.006384584868,344.006384584868
2015,"FALL",72,0.0267632697648096,0.00603,343.835319482747,343.835319482747
2015,"FALL",73,0.00302707255761309,0.00068,345.157729060748,345.157729060748
2015,"FALL",74,0.0105417566797714,0.00237,344.799859905968,344.799859905968
2015,"FALL",75,0.00855853061009613,0.00193,343.447181870266,343.447181870266
2015,"FALL",76,0.0131212314356785,0.00296,343.284845799948,343.284845799948
2015,"FALL",77,0.0164271330990642,0.0037,343.976570244979,343.976570244979
2015,"FALL",78,0.0117256757798472,0.00264,344.154385600273,344.154385600273
2015,"FALL",79,0.008719285084429,0.00196,344.861483899439,344.861483899439
2015,"FALL",80,0.00151353627880654,0.00034,345.157729060748,345.157729060748
2015,"FALL",81,0.00762361643042339,0.00172,343.233513396709,343.233513396709
2015,"FALL",82,0.0146199143770905,0.00329,344.374297176003,344.374297176003
2015,"FALL",83,0.0172937971334939,0.0039,343.430695730613,343.430695730613
2015,"FALL",84,0.0217199036601256,0.00489,344.169809000522,344.169809000522
2015,"FALL",86,0.00996254702773437,0.00224,344.756563738142,344.756563738142
2015,"FALL",87,0.0246770574222503,0.00556,343.831968026084,343.831968026084
2015,"FALL",88,0.00633957831563154,0.00143,343.327154939268,343.327154939268
2015,"FALL",89,0.0228004369513431,0.00514,343.588267535858,343.588267535858
2015,"FALL",90,0.0137872814068179,0.00311,343.320945556845,343.320945556845
2015,"FALL",91,0.013596632240767,0.00306,344.334386953168,344.334386953168
2015,"FALL",92,0.0198970795330411,0.00448,344.131239576811,344.131239576811
2015,"FALL",93,0.00664804358984483,0.0015,343.202905989655,343.202905989655
2015,"FALL",94,0.016066822156667,0.00362,343.83486620627,343.83486620627
2015,"FALL",95,0.036553875310933,0.00823,344.154013498578,344.154013498578
2015,"FALL",96,0.00802305839617799,0.00181,343.262894816464,343.262894816464
2015,"FALL",97,0.0177503022372134,0.004,343.757555930336,343.757555930336
2015,"FALL",98,0.0103511075137205,0.00233,344.253541361396,344.253541361396
2015,"FALL",99,0.00802305839617799,0.00181,343.262894816464,343.262894816464
2015,"FALL",100,0.0137387730391244,0.00309,344.620486703056,344.620486703056
2015,"FALL",101,0.037960006919023,0.00855,343.97668911138,343.97668911138
2015,"FALL",102,0.0524372634512011,0.01181,344.007311187139,344.007311187139
2015,"FALL",103,0.0213257261683842,0.0048,344.285961841337,344.285961841337
2015,"FALL",104,0.0108962861016006,0.00245,344.746371493902,344.746371493902
2015,"FALL",105,0.0316065858569906,0.00712,343.912722710542,343.912722710542
2015,"FALL",106,0.0151776665971004,0.00342,343.791420967848,343.791420967848
2015,"FALL",107,0.0310424410613932,0.00699,344.097869261705,344.097869261705
2015,"FALL",108,0.00802305839617799,0.00181,343.262894816464,343.262894816464
2015,"FALL",109,0.0229308736958676,0.00516,344.396777051697,344.396777051697
2015,"FALL",110,0.0314780762859888,0.00709,343.978508970223,343.978508970223
2015,"FALL",111,0.0231485502954686,0.00521,344.309986477324,344.309986477324
2015,"FALL",112,0.0344070980151053,0.00775,343.962555033616,343.962555033616
2015,"FALL",113,0.0256310788223372,0.00577,344.212804546571,344.212804546571
2015,"FALL",114,0.0216256131702098,0.00487,344.05776530205,344.05776530205
2015,"FALL",115,0.0260125181671358,0.00586,343.899627425525,343.899627425525
2015,"FALL",116,0.0190705571129624,0.0043,343.501328208429,343.501328208429
2015,"FALL",117,0.0183293943786698,0.00413,343.811001904839,343.811001904839
2015,"FALL",118,0.00401152919808899,9e-04,345.725466454333,345.725466454333
2015,"FALL",119,0.0238237190876666,0.00537,343.644675747982,343.644675747982
2015,"FALL",120,0.0283137983744056,0.00638,343.789943172502,343.789943172502
2015,"FALL",122,0.0103542802993982,0.00233,344.389712420522,344.389712420522
2015,"FALL",124,0.0162993755957786,0.00367,344.124675634295,344.124675634295
2015,"FALL",125,0.0327706926731683,0.00738,344.047326194692,344.047326194692
2015,"FALL",127,0.00669410773746068,0.00151,343.318393209316,343.318393209316
2015,"FALL",129,0.00594509529638049,0.00134,343.663828088096,343.663828088096
2015,"FALL",130,0.00333636040589095,0.00075,344.848054118793,344.848054118793
2015,"FALL",132,0.00669410773746068,0.00151,343.318393209316,343.318393209316
2015,"FALL",133,0.00640620681486161,0.00144,344.875473254278,344.875473254278
2016,"FALL",19,0.00468669799028704,0.00106,342.1413198384,342.1413198384
2016,"FALL",20,0.00937339598057409,0.00211,344.236776330526,344.236776330526
2016,"FALL",22,0.00468669799028704,0.00106,342.1413198384,342.1413198384
2016,"FALL",23,0.00597079094334987,0.00134,345.581413682826,345.581413682826
2016,"FALL",24,0.0119415818866997,0.00269,343.924977200734,343.924977200734
2016,"FALL",25,0.0190449241383027,0.00429,343.937625601462,343.937625601462
2016,"FALL",26,0.0187209082972497,0.00422,343.623419366108,343.623419366108
2016,"FALL",27,0.0158629883034668,0.00357,344.341409060696,344.341409060696
2016,"FALL",28,0.0450635215194776,0.01015,343.975581472686,343.975581472686
2016,"FALL",29,0.0284352416424908,0.0064,344.300650663919,344.300650663919
2016,"FALL",30,0.0462828739766395,0.01042,344.173454670245,344.173454670245
2016,"FALL",31,0.0121194772377305,0.00273,343.936895154963,343.936895154963
2016,"FALL",32,0.0229331769032484,0.00517,343.581758283334,343.581758283334
2016,"FALL",33,0.014271801032965,0.00321,344.604393550312,344.604393550312
2016,"FALL",34,0.0254436729483123,0.00573,344.043157911209,344.043157911209
2016,"FALL",35,0.0183530845117294,0.00413,344.384612874805,344.384612874805
2016,"FALL",36,0.0174449627444455,0.00393,343.892181792507,343.892181792507
2016,"FALL",37,0.0237943884467357,0.00536,343.925157588353,343.925157588353
2016,"FALL",38,0.0260545399507772,0.00587,343.859283658895,343.859283658895
2016,"FALL",39,0.0109815047746899,0.00247,344.595335007689,344.595335007689
2016,"FALL",40,0.0267365086885756,0.00602,344.128051305243,344.128051305243
2016,"FALL",41,0.0284095773316763,0.0064,343.899645807442,343.899645807442
2016,"FALL",42,0.0472529159858887,0.01064,344.106353250833,344.106353250833
2016,"FALL",43,0.0459944246713307,0.01036,343.961628101648,343.961628101648
2016,"FALL",44,0.0337415494224433,0.0076,343.967755558465,343.967755558465
2016,"FALL",45,0.0827750483986911,0.01864,344.072148061648,344.072148061648
2016,"FALL",46,0.0287217794423543,0.00647,343.92240250934,343.92240250934
2016,"FALL",47,0.0492769182270505,0.0111,343.936200243698,343.936200243698
2016,"FALL",48,0.0636559515818804,0.01434,343.904822746725,343.904822746725
2016,"FALL",49,0.0598300891012227,0.01348,343.843390958625,343.843390958625
2016,"FALL",50,0.067926066729715,0.0153,343.961220455654,343.961220455654
2016,"FALL",51,0.0116456745765389,0.00262,344.491396051102,344.491396051102
2016,"FALL",52,0.0366418672337257,0.00825,344.143845257281,344.143845257281
2016,"FALL",53,0.0500541802117196,0.01127,344.136470379056,344.136470379056
2016,"FALL",54,0.0245841143869927,0.00554,343.75657738254,343.75657738254
2016,"FALL",55,0.0274997320758761,0.00619,344.260615119162,344.260615119162
2016,"FALL",56,0.0413850016388809,0.00932,344.045081962241,344.045081962241
2016,"FALL",57,0.0136721210377782,0.00308,343.900033694099,343.900033694099
2016,"FALL",58,0.0426330736819543,0.0096,344.094517520357,344.094517520357
2016,"FALL",59,0.043097710517855,0.00971,343.848718000567,343.848718000567
2016,"FALL",60,0.0296173902498181,0.00667,344.038834330106,344.038834330106
2016,"FALL",61,0.0369754484360438,0.00833,343.882934406288,343.882934406288
2016,"FALL",62,0.0352763237801932,0.00795,343.727343147084,343.727343147084
2016,"FALL",63,0.0322857970131631,0.00727,344.096245022876,344.096245022876
2016,"FALL",64,0.0121059400188393,0.00273,343.44102633111,343.44102633111
2016,"FALL",65,0.0135240577061559,0.00305,343.411728070684,343.411728070684
2016,"FALL",66,0.031329104205876,0.00706,343.755017080397,343.755017080397
2016,"FALL",67,0.026237785950247,0.00591,343.955769039712,343.955769039712
2016,"FALL",68,0.0254782915653725,0.00574,343.872675354922,343.872675354922
2016,"FALL",69,0.0105417566797714,0.00237,344.799859905968,344.799859905968
2016,"FALL",70,0.0329650316714517,0.00742,344.272664035737,344.272664035737
2016,"FALL",71,0.00633957831563154,0.00143,343.327154939268,343.327154939268
2016,"FALL",72,0.0084322067358945,0.0019,343.800354520763,343.800354520763
2016,"FALL",73,0.019040591914896,0.00429,343.836641372867,343.836641372867
2016,"FALL",74,0.00640620681486161,0.00144,344.875473254278,344.875473254278
2016,"FALL",75,0.00946994267363833,0.00213,344.598247588654,344.598247588654
2016,"FALL",76,0.0176923930230678,0.00398,344.532488016779,344.532488016779
2016,"FALL",77,0.00767626117055579,0.00173,343.714518529237,343.714518529237
2016,"FALL",78,0.00833103012595254,0.00188,343.139900316624,343.139900316624
2016,"FALL",79,0.0078956142544408,0.00178,343.573834519146,343.573834519146
2016,"FALL",80,0.0261585603167709,0.00589,344.118171761815,344.118171761815
2016,"FALL",81,0.0126791566312631,0.00286,343.327154939268,343.327154939268
2016,"FALL",82,0.00968569209971666,0.00218,344.297802739296,344.297802739296
2016,"FALL",83,0.00831692885627422,0.00187,344.755553811456,344.755553811456
2016,"FALL",84,0.0150686167782547,0.00339,344.501969860021,344.501969860021
2016,"FALL",85,0.00849883523512457,0.00191,344.96519555626,344.96519555626
2016,"FALL",87,0.00633957831563154,0.00143,343.327154939268,343.327154939268
2016,"FALL",88,0.0142686047451713,0.00321,344.504820721846,344.504820721846
2016,"FALL",90,0.00633957831563154,0.00143,343.327154939268,343.327154939268
2016,"FALL",91,0.016763236861847,0.00378,343.471874652038,343.471874652038
2016,"FALL",92,0.00209262842026296,0.00047,345.240089417651,345.240089417651
2016,"FALL",93,0.00401745173135389,9e-04,346.383525705988,346.383525705988
2016,"FALL",95,0.0144559166107316,0.00326,343.433024869068,343.433024869068
2016,"FALL",96,0.0148104460325608,0.00334,343.426527920981,343.426527920981
2016,"FALL",97,0.00209262842026296,0.00047,345.240089417651,345.240089417651
2016,"FALL",98,0.0176597250816463,0.00398,343.711685468501,343.711685468501
2016,"FALL",99,0.0071596846580066,0.00161,344.700910435193,344.700910435193
2016,"FALL",100,0.00420217836413991,0.00095,342.334564646306,342.334564646306
2016,"FALL",101,0.00634275110130916,0.00143,343.549028063578,343.549028063578
2016,"FALL",102,0.00420217836413991,0.00095,342.334564646306,342.334564646306
2016,"FALL",103,0.016015517037154,0.00361,343.643131223103,343.643131223103
2016,"FALL",104,0.0126855022026183,0.00286,343.549028063578,343.549028063578
2016,"FALL",105,0.00634275110130916,0.00143,343.549028063578,343.549028063578
2016,"FALL",106,0.0126343851000344,0.00285,343.311757895944,343.311757895944
2016,"FALL",107,0.00633957831563154,0.00143,343.327154939268,343.327154939268
2016,"FALL",108,0.0171737013200669,0.00387,343.764891991392,343.764891991392
2016,"FALL",109,0.00833103012595254,0.00188,343.139900316624,343.139900316624
2016,"FALL",110,0.00924902278201129,0.00208,344.664556827466,344.664556827466
2016,"FALL",111,0.00594227504244482,0.00134,343.453361376479,343.453361376479
2016,"FALL",112,0.0211911530514207,0.00477,344.258973824334,344.258973824334
2016,"FALL",113,0.0113280199749185,0.00255,344.236077447786,344.236077447786
2016,"FALL",114,0.0163766270514997,0.00369,343.811031205954,343.811031205954
2016,"FALL",116,0.0124665799908624,0.00281,343.650533482647,343.650533482647
2016,"FALL",118,0.012427448967505,0.0028,343.83746312518,343.83746312518
2016,"FALL",121,0.00640620681486161,0.00144,344.875473254278,344.875473254278
2016,"FALL",122,0.00640620681486161,0.00144,344.875473254278,344.875473254278
2016,"FALL",124,0.00669410773746068,0.00151,343.318393209316,343.318393209316
2016,"FALL",125,0.00594509529638049,0.00134,343.663828088096,343.663828088096
2016,"FALL",126,0.00634275110130916,0.00143,343.549028063578,343.549028063578
2016,"FALL",127,0.00209262842026296,0.00047,345.240089417651,345.240089417651
2017,"FALL",19,0.00839649488602744,0.00189,344.258988678701,344.258988678701
2017,"FALL",23,0.00668901975148629,0.00151,342.981440495781,342.981440495781
2017,"FALL",24,0.00668901975148629,0.00151,342.981440495781,342.981440495781
2017,"FALL",25,0.0187671991960403,0.00423,343.669011726721,343.669011726721
2017,"FALL",26,0.0459872455927794,0.01036,343.892331976635,343.892331976635
2017,"FALL",27,0.0252852835930236,0.00569,344.381082478446,344.381082478446
2017,"FALL",28,0.0109323490462371,0.00246,344.404432773865,344.404432773865
2017,"FALL",29,0.0162313450358307,0.00366,343.47937256368,343.47937256368
2017,"FALL",30,0.0162313450358307,0.00366,343.47937256368,343.47937256368
2017,"FALL",31,0.00839649488602744,0.00189,344.258988678701,344.258988678701
2017,"FALL",32,0.0190846505686888,0.0043,343.829082992762,343.829082992762
2017,"FALL",33,0.0137546608060259,0.0031,343.698735678256,343.698735678256
2017,"FALL",34,0.00668901975148629,0.00151,342.981440495781,342.981440495781
2017,"FALL",35,0.0268462427094193,0.00605,343.739548916021,343.739548916021
2017,"FALL",36,0.0335916147755769,0.00757,343.746562425058,343.746562425058
2017,"FALL",37,0.0284635541404863,0.00641,344.049206559849,344.049206559849
2017,"FALL",38,0.0115944887436251,0.00261,344.233285196366,344.233285196366
2017,"FALL",39,0.0162313450358307,0.00366,343.47937256368,343.47937256368
2017,"FALL",40,0.0308848252608643,0.00696,343.747489380234,343.747489380234
2017,"FALL",41,0.0109323490462371,0.00246,344.404432773865,344.404432773865
2017,"FALL",42,0.0408591849576888,0.0092,344.121575627052,344.121575627052
2017,"FALL",43,0.0403877039249387,0.0091,343.820922252074,343.820922252074
2017,"FALL",44,0.0609187305701915,0.01372,344.014071211308,344.014071211308
2017,"FALL",45,0.0381523954429762,0.00859,344.148957426963,344.148957426963
2017,"FALL",46,0.0380929124441564,0.00858,343.973338509982,343.973338509982
2017,"FALL",47,0.083201374996478,0.01874,343.977454623682,343.977454623682
2017,"FALL",48,0.0497637898810027,0.01121,343.923192515635,343.923192515635
2017,"FALL",49,0.0324626900716614,0.00731,344.086047491948,344.086047491948
2017,"FALL",50,0.0825298432466447,0.01859,343.94751611966,343.94751611966
2017,"FALL",51,0.0531416415429264,0.01197,343.956905120521,343.956905120521
2017,"FALL",52,0.0567286229059636,0.01278,343.885938231327,343.885938231327
2017,"FALL",53,0.0441924243704977,0.00995,344.144968547715,344.144968547715
2017,"FALL",54,0.0677786856761808,0.01527,343.868275548008,343.868275548008
2017,"FALL",55,0.0409944305129,0.00923,344.143342501625,344.143342501625
2017,"FALL",56,0.0265851436514422,0.00599,343.825436585011,343.825436585011
2017,"FALL",57,0.0171846383590206,0.00387,344.04750281707,344.04750281707
2017,"FALL",58,0.0363528781944718,0.00819,343.869086623588,343.869086623588
2017,"FALL",59,0.0325218600020662,0.00732,344.28770494626,344.28770494626
2017,"FALL",60,0.0663745738356203,0.01495,343.97708251251,343.97708251251
2017,"FALL",61,0.0472307533365266,0.01064,343.898057674122,343.898057674122
2017,"FALL",62,0.0419129732420426,0.00944,343.993360614858,343.993360614858
2017,"FALL",63,0.0307138899063612,0.00692,343.842339687301,343.842339687301
2017,"FALL",64,0.0162083345073399,0.00365,344.063959105202,344.063959105202
2017,"FALL",65,0.0319336044505806,0.00719,344.139143958005,344.139143958005
2017,"FALL",66,0.029873301212514,0.00673,343.88263317257,343.88263317257
2017,"FALL",67,0.0162313450358307,0.00366,343.47937256368,343.47937256368
2017,"FALL",68,0.0324717690556917,0.00731,344.210246999887,344.210246999887
2017,"FALL",69,0.0251894846580823,0.00567,344.258988678701,344.258988678701
2017,"FALL",70,0.0435368591098213,0.00981,343.800806420196,343.800806420196
2017,"FALL",71,0.0365209959332413,0.00823,343.754507086771,343.754507086771
2017,"FALL",73,0.0412815142493089,0.0093,343.887249992569,343.887249992569
2017,"FALL",75,0.0168258619556132,0.00379,343.954141309054,343.954141309054
2017,"FALL",76,0.0153560057479361,0.00346,343.815195027055,343.815195027055
2017,"FALL",77,0.00692194265212777,0.00156,343.714272572293,343.714272572293
2017,"FALL",78,0.00839649488602744,0.00189,344.258988678701,344.258988678701
2017,"FALL",79,0.00581368046359171,0.00131,343.792401800894,343.792401800894
2017,"FALL",80,0.0169714387685141,0.00382,344.278501793562,344.278501793562
2017,"FALL",81,0.00954232528434439,0.00215,343.829082992762,343.829082992762
2017,"FALL",82,0.00839649488602744,0.00189,344.258988678701,344.258988678701
2017,"FALL",84,0.016301472360755,0.00367,344.181808194959,344.181808194959
2017,"FALL",85,0.00398223023677364,9e-04,342.470026308183,342.470026308183
2017,"FALL",86,0.0336282437801133,0.00757,344.230433026595,344.230433026595
2017,"FALL",87,0.0120640913658862,0.00272,343.532770804639,343.532770804639
2017,"FALL",88,0.038134080940708,0.00859,343.935750182863,343.935750182863
2017,"FALL",90,0.0120640913658862,0.00272,343.532770804639,343.532770804639
2017,"FALL",91,0.0120218271298827,0.00271,343.609857191243,343.609857191243
2017,"FALL",92,0.0242385393480037,0.00546,343.92929208798,343.92929208798
2017,"FALL",93,0.0101590700615806,0.00229,343.627513606138,343.627513606138
2017,"FALL",94,0.0377022813295389,0.00849,344.078696461,344.078696461
2017,"FALL",95,0.0120640913658862,0.00272,343.532770804639,343.532770804639
2017,"FALL",96,0.0101590700615806,0.00229,343.627513606138,343.627513606138
2017,"FALL",97,0.0079738525259925,0.0018,342.991806999584,342.991806999584
2017,"FALL",100,0.0280978902319524,0.00633,343.884521831791,343.884521831791
2017,"FALL",101,0.0031979938575977,0.00072,344.165813555236,344.165813555236
2017,"FALL",102,0.0179388201703718,0.00404,344.030202236926,344.030202236926
2017,"FALL",103,0.0263353150563993,0.00593,344.103120681269,344.103120681269
2017,"FALL",104,0.0328866629724594,0.00741,343.814615012947,343.814615012947
2017,"FALL",105,0.0284203506992383,0.0064,344.067979675599,344.067979675599
2017,"FALL",106,0.00507170832041926,0.00114,344.886694773619,344.886694773619
2017,"FALL",107,0.00500596395330272,0.00113,343.005659584311,343.005659584311
2017,"FALL",108,0.0118790679327153,0.00268,343.248803459527,343.248803459527
2017,"FALL",109,0.0181430973110554,0.00409,343.596511272748,343.596511272748
2017,"FALL",110,0.00995181877095602,0.00224,344.277623703394,344.277623703394
2017,"FALL",111,0.0289032587291301,0.00651,343.982468957451,343.982468957451
2017,"FALL",113,0.0317654867118111,0.00715,344.272541423932,344.272541423932
2017,"FALL",114,0.018555564947608,0.00418,343.913037024115,343.913037024115
2017,"FALL",115,0.0319719553313986,0.0072,344.054935158314,344.054935158314
2017,"FALL",116,0.0470620094609275,0.0106,343.981221329505,343.981221329505
2017,"FALL",117,0.0283021673726359,0.00637,344.30404038675,344.30404038675
2017,"FALL",118,0.0126949242217902,0.00286,343.878469293363,343.878469293363
2017,"FALL",119,0.0279061358278625,0.00629,343.658757199721,343.658757199721
2017,"FALL",120,0.0158420444619763,0.00357,343.754746834069,343.754746834069
2017,"FALL",122,0.0143310980248514,0.00323,343.687245351436,343.687245351436
2017,"FALL",123,0.00668901975148629,0.00151,342.981440495781,342.981440495781
2017,"FALL",127,0.0120218271298827,0.00271,343.609857191243,343.609857191243
2017,"FALL",138,0.0120218271298827,0.00271,343.609857191243,343.609857191243
2018,"FALL",22,0.0049731858555388,0.00112,344.034451387393,344.034451387393
2018,"FALL",23,0.0049731858555388,0.00112,344.034451387393,344.034451387393
2018,"FALL",24,0.00592145690184906,0.00133,345.222323447298,345.222323447298
2018,"FALL",25,0.0208410144684654,0.00469,344.371310628261,344.371310628261
2018,"FALL",26,0.0173031534551142,0.0039,343.670601413186,343.670601413186
2018,"FALL",27,0.0063767387296799,0.00144,342.829078449993,342.829078449993
2018,"FALL",28,0.0071277442600972,0.00161,342.717034788646,342.717034788646
2018,"FALL",30,0.0150616585665605,0.00339,344.296712877891,344.296712877891
2018,"FALL",31,0.00296072845092453,0.00067,341.899768794706,341.899768794706
2018,"FALL",32,0.0194577118596726,0.00438,344.239996796179,344.239996796179
2018,"FALL",33,0.0160968660968661,0.00363,343.439837379231,343.439837379231
2018,"FALL",34,0.00354728786101335,8e-04,343.410982626669,343.410982626669
2018,"FALL",35,0.00992402659069325,0.00224,343.036901370235,343.036901370235
2018,"FALL",36,0.00592145690184906,0.00133,345.222323447298,345.222323447298
2018,"FALL",37,0.0215085749399475,0.00484,344.392044213791,344.392044213791
2018,"FALL",38,0.0289641640131836,0.00652,344.235644373982,344.235644373982
2018,"FALL",39,0.0305918663761801,0.00689,344.003866127432,344.003866127432
2018,"FALL",40,0.0200922783643372,0.00453,343.538153738128,343.538153738128
2018,"FALL",41,0.0356296435953299,0.00802,344.259895203614,344.259895203614
2018,"FALL",42,0.0612930143567398,0.0138,344.15227794739,344.15227794739
2018,"FALL",43,0.0207249245852187,0.00467,343.78853501539,343.78853501539
2018,"FALL",44,0.0132785877883917,0.00299,344.099926033167,344.099926033167
2018,"FALL",45,0.0222471859114016,0.00501,344.055607014004,344.055607014004
2018,"FALL",46,0.00816295179040277,0.00184,343.63868426102,343.63868426102
2018,"FALL",47,0.0071277442600972,0.00161,342.717034788646,342.717034788646
2018,"FALL",48,0.0307573599240266,0.00693,343.829147532851,343.829147532851
2018,"FALL",49,0.0356296435953299,0.00802,344.259895203614,344.259895203614
2018,"FALL",50,0.0461365635997989,0.01039,344.047772856582,344.047772856582
2018,"FALL",51,0.0386928453717669,0.00871,344.234734463455,344.234734463455
2018,"FALL",52,0.0277673035025976,0.00625,344.276856041562,344.276856041562
2018,"FALL",53,0.0220654572370259,0.00497,343.972982636335,343.972982636335
2018,"FALL",54,0.062166568906765,0.014,344.046920762607,344.046920762607
2018,"FALL",55,0.0615904837718563,0.01387,344.055398499325,344.055398499325
2018,"FALL",56,0.0568342899837998,0.0128,344.017890498436,344.017890498436
2018,"FALL",57,0.0413908440869225,0.00932,344.107769172988,344.107769172988
2018,"FALL",58,0.057446162225574,0.01294,343.942521063168,343.942521063168
2018,"FALL",59,0.0482253086419753,0.01086,344.063615487802,344.063615487802
2018,"FALL",60,0.0692786017540919,0.0156,344.093600987769,344.093600987769
2018,"FALL",61,0.051394649740238,0.01158,343.822536616908,343.822536616908
2018,"FALL",62,0.0139517345399698,0.00314,344.322756049995,344.322756049995
2018,"FALL",63,0.029989595553321,0.00675,344.290304493645,344.290304493645
2018,"FALL",64,0.0444074353388079,0.01,344.074353388079,344.074353388079
2018,"FALL",65,0.0431452851795989,0.00972,343.881534769536,343.881534769536
2018,"FALL",66,0.0253835330428468,0.00572,343.768060189629,343.768060189629
2018,"FALL",67,0.0626107280519045,0.0141,344.047716680174,344.047716680174
2018,"FALL",68,0.0546818264342774,0.01232,343.845993784719,343.845993784719
2018,"FALL",69,0.030585756382325,0.00689,343.915186971335,343.915186971335
2018,"FALL",70,0.0402735880677057,0.00907,344.030739445487,344.030739445487
2018,"FALL",71,0.0296107759343053,0.00667,343.93966917999,343.93966917999
2018,"FALL",72,0.0440303614323222,0.00992,343.854449922603,343.854449922603
2018,"FALL",74,0.0436895983464611,0.00984,343.999983195743,343.999983195743
2018,"FALL",75,0.0119293265739344,0.00269,343.469389365592,343.469389365592
2018,"FALL",76,0.0238586531478688,0.00537,344.29521690631,344.29521690631
2018,"FALL",77,0.0397664585777331,0.00896,343.822082340771,343.822082340771
2018,"FALL",78,0.0173689668174962,0.00391,344.219100191719,344.219100191719
2018,"FALL",79,0.0190239022959611,0.00428,344.483698503764,344.483698503764
2018,"FALL",80,0.0494796030947992,0.01114,344.161607673242,344.161607673242
2018,"FALL",81,0.0169918929110106,0.00383,343.652556423252,343.652556423252
2018,"FALL",82,0.031351625407998,0.00706,344.074014277591,344.074014277591
2018,"FALL",83,0.047083487953586,0.0106,344.183848618736,344.183848618736
2018,"FALL",84,0.0197980011092756,0.00446,343.90137016313,343.90137016313
2018,"FALL",85,0.0231653558859441,0.00522,343.780764098546,343.780764098546
2018,"FALL",86,0.038828138092844,0.00875,343.750149632502,343.750149632502
2018,"FALL",87,0.0269084129378247,0.00606,344.033216795787,344.033216795787
2018,"FALL",88,0.0371356697949835,0.00836,344.206576495018,344.206576495018
2018,"FALL",89,0.00672710323445617,0.00152,342.572581214222,342.572581214222
2018,"FALL",90,0.0520325330987096,0.01172,343.963592992402,343.963592992402
2018,"FALL",91,0.0201813097033685,0.00455,343.545268205902,343.545268205902
2018,"FALL",92,0.0161775180157533,0.00364,344.437308125091,344.437308125091
2018,"FALL",93,0.00974369448634154,0.00219,344.917556453952,344.917556453952
2018,"FALL",94,0.0127812342885872,0.00288,343.792857242612,343.792857242612
2018,"FALL",95,0.0241702628344785,0.00544,344.306302104385,344.306302104385
2018,"FALL",96,0.00821881459136361,0.00185,344.260248181817,344.260248181817
2018,"FALL",97,0.0231507667169432,0.00521,344.352528156299,344.352528156299
2018,"FALL",98,0.0225249287749288,0.00507,344.278674061711,344.278674061711
2018,"FALL",99,0.0185698424669013,0.00418,344.254604471323,344.254604471323
2018,"FALL",100,0.0339933872409363,0.00766,343.777901317706,343.777901317706
2018,"FALL",101,0.0403188518997342,0.00908,344.040219160069,344.040219160069
2018,"FALL",102,0.0102743910954695,0.00231,344.778835301711,344.778835301711
2018,"FALL",103,0.035040640187699,0.00789,344.114577790862,344.114577790862
2018,"FALL",104,0.038765292441763,0.00873,344.04687791252,344.04687791252
2018,"FALL",105,0.0396361536067418,0.00893,343.853903770905,343.853903770905
2018,"FALL",106,0.0235222543433328,0.0053,343.816119685524,343.816119685524
2018,"FALL",107,0.00672710323445617,0.00152,342.572581214222,342.572581214222
2018,"FALL",108,0.0223363918216859,0.00503,344.063455699522,344.063455699522
2018,"FALL",109,0.0385553829794026,0.00868,344.186439854868,344.186439854868
2018,"FALL",110,0.050350464259778,0.01134,344.00762133843,344.00762133843
2018,"FALL",111,0.0230949039159823,0.0052,344.132767615045,344.132767615045
2018,"FALL",112,0.00671750181554103,0.00151,344.867669903379,344.867669903379
2018,"FALL",113,0.0514589418388438,0.01159,343.9943213015,343.9943213015
2018,"FALL",114,0.0200084841628959,0.00451,343.647098955564,343.647098955564
2018,"FALL",115,0.0263122521088207,0.00593,343.714200823284,343.714200823284
2018,"FALL",116,0.0237285975643819,0.00534,344.355759632619,344.355759632619
2018,"FALL",117,0.0411392120950944,0.00927,343.788695739962,343.788695739962
2018,"FALL",118,0.0102743910954695,0.00231,344.778835301711,344.778835301711
2018,"FALL",119,0.0201341754650578,0.00453,344.463034548738,344.463034548738
2018,"FALL",120,0.0350946824598785,0.0079,344.236486833905,344.236486833905
2018,"FALL",122,0.00672710323445617,0.00152,342.572581214222,342.572581214222
2018,"FALL",126,0.00672710323445617,0.00152,342.572581214222,342.572581214222
2018,"FALL",127,0.0134070722306016,0.00302,343.94278909277,343.94278909277
2018,"FALL",129,0.085239651416122,0.0192,343.956517792302,343.956517792302
2019,"FALL",19,0.00468669799028704,0.00106,342.1413198384,342.1413198384
2019,"FALL",20,0.00468669799028704,0.00106,342.1413198384,342.1413198384
2019,"FALL",22,0.0033429409984075,0.00075,345.725466454333,345.725466454333
2019,"FALL",24,0.0253228720714013,0.0057,344.260913533356,344.260913533356
2019,"FALL",25,0.0140854292520499,0.00317,344.335307635642,344.335307635642
2019,"FALL",27,0.0274232561899873,0.00618,343.742009546721,343.742009546721
2019,"FALL",28,0.00420217836413991,0.00095,342.334564646306,342.334564646306
2019,"FALL",29,0.00468669799028704,0.00106,342.1413198384,342.1413198384
2019,"FALL",30,0.0033429409984075,0.00075,345.725466454333,345.725466454333
2019,"FALL",31,0.0147069192110058,0.00331,344.31780093673,344.31780093673
2019,"FALL",32,0.00629480678440287,0.00142,343.296252422737,343.296252422737
2019,"FALL",34,0.0149446666177823,0.00337,343.46191744161,343.46191744161
2019,"FALL",35,0.00902312044176457,0.00203,344.48869171254,344.48869171254
2019,"FALL",36,0.0075451193625474,0.0017,343.830550738082,343.830550738082
2019,"FALL",37,0.00420217836413991,0.00095,342.334564646306,342.334564646306
2019,"FALL",38,0.0153256829244905,0.00345,344.222693463493,344.222693463493
2019,"FALL",39,0.0102579686274952,0.00231,344.067905952174,344.067905952174
2019,"FALL",40,0.0295651763818147,0.00666,343.921567294516,343.921567294516
2019,"FALL",41,0.00482094207762467,0.00109,342.288264002263,342.288264002263
2019,"FALL",42,0.0148472268443051,0.00334,344.527749829493,344.527749829493
2019,"FALL",43,0.00224069175188534,5e-04,348.138350377068,348.138350377068
2019,"FALL",44,0.0144725091047198,0.00326,343.941997077294,343.941997077294
2019,"FALL",45,0.0064634579697556,0.00146,342.702600668192,342.702600668192
2019,"FALL",46,0.0351484017620947,0.00792,343.792951541599,343.792951541599
2019,"FALL",47,0.0107839459864966,0.00243,343.783785452536,343.783785452536
2019,"FALL",48,0.0158901567497137,0.00358,343.859127086976,343.859127086976
2019,"FALL",49,0.0175140589658693,0.00394,344.519263093129,344.519263093129
2019,"FALL",50,0.0316512868818708,0.00713,343.917067066912,343.917067066912
2019,"FALL",51,0.034651190993237,0.0078,344.246038374834,344.246038374834
2019,"FALL",52,0.0308595005894331,0.00695,344.021591214864,344.021591214864
2019,"FALL",53,0.042327718521109,0.00953,344.152345447104,344.152345447104
2019,"FALL",54,0.0206620264088578,0.00465,344.344653953932,344.344653953932
2019,"FALL",55,0.0278258474393034,0.00627,343.793420084584,343.793420084584
2019,"FALL",56,0.0541682099722926,0.0122,344.001721084365,344.001721084365
2019,"FALL",57,0.062493756271148,0.01408,343.847700789403,343.847700789403
2019,"FALL",58,0.0201191275262425,0.00453,344.130850468928,344.130850468928
2019,"FALL",59,0.0389750163104686,0.00878,343.906791690986,343.906791690986
2019,"FALL",60,0.0809757577238921,0.01824,343.946040152917,343.946040152917
2019,"FALL",61,0.0460249147499907,0.01037,343.827528929515,343.827528929515
2019,"FALL",62,0.0295820979054287,0.00666,344.175644225657,344.175644225657
2019,"FALL",63,0.0360062133327818,0.00811,343.973037395583,343.973037395583
2019,"FALL",64,0.0585673830738386,0.01319,344.02868137861,344.02868137861
2019,"FALL",65,0.0234337719768288,0.00528,343.821438955091,343.821438955091
2019,"FALL",66,0.0158478529406788,0.00357,343.917449318733,343.917449318733
2019,"FALL",67,0.02273759229281,0.00512,344.093599468946,344.093599468946
2019,"FALL",68,0.0452078245125191,0.01018,344.08472016227,344.08472016227
2019,"FALL",69,0.0129616050629199,0.00292,343.89058434657,343.89058434657
2019,"FALL",70,0.0365672871852048,0.00824,343.777757102,343.777757102
2019,"FALL",71,0.028828071679574,0.00649,344.192167635963,344.192167635963
2019,"FALL",72,0.0307145395371399,0.00692,343.851727415317,343.851727415317
2019,"FALL",73,0.0298506957566459,0.00672,344.206782092945,344.206782092945
2019,"FALL",74,0.02821015404227,0.00635,344.254394366456,344.254394366456
2019,"FALL",75,0.0217179608185254,0.00489,344.130078088455,344.130078088455
2019,"FALL",76,0.0538476254401946,0.01213,343.921067107952,343.921067107952
2019,"FALL",77,0.0361170649805308,0.00813,344.244341703946,344.244341703946
2019,"FALL",78,0.0462158302733578,0.01041,343.956102529854,343.956102529854
2019,"FALL",79,0.00778615706558218,0.00175,344.92326089041,344.92326089041
2019,"FALL",80,0.000848896434634974,0.00019,346.787597176302,346.787597176302
2019,"FALL",81,0.0179511983258973,0.00404,344.33659222518,344.33659222518
2019,"FALL",82,0.0155484359811757,0.0035,344.241028033593,344.241028033593
2019,"FALL",83,0.0185256840525921,0.00417,344.261008455446,344.261008455446
2019,"FALL",84,0.00553559442492202,0.00125,342.847553993761,342.847553993761
2019,"FALL",85,0.038173359129256,0.0086,343.876268944837,343.876268944837
2019,"FALL",86,0.00810202550637659,0.00182,345.166236614098,345.166236614098
2019,"FALL",88,0.00600939708611363,0.00135,345.140524897306,345.140524897306
2019,"FALL",89,0.0171023018912623,0.00385,344.21563353928,344.21563353928
2019,"FALL",90,0.00581066319211382,0.00131,343.562075733879,343.562075733879
2019,"FALL",91,0.0118200602782274,0.00266,344.363168354415,344.363168354415
2019,"FALL",92,0.00209262842026296,0.00047,345.240089417651,345.240089417651
2019,"FALL",93,0.00640620681486161,0.00144,344.875473254278,344.875473254278
2019,"FALL",94,0.0178294573643411,0.00402,343.518839908982,343.518839908982
2019,"FALL",95,0.00581066319211382,0.00131,343.562075733879,343.562075733879
2019,"FALL",96,0.0161229217078706,0.00363,344.157622806352,344.157622806352
2019,"FALL",97,0.00209262842026296,0.00047,345.240089417651,345.240089417651
2019,"FALL",98,0.000848896434634974,0.00019,346.787597176302,346.787597176302
2019,"FALL",100,0.00600939708611363,0.00135,345.140524897306,345.140524897306
2019,"FALL",101,0.0271440980545888,0.00611,344.256923970357,344.256923970357
2019,"FALL",102,0.0125305762530858,0.00282,344.346675641341,344.346675641341
2019,"FALL",103,0.00820270857187981,0.00185,343.389652534044,343.389652534044
2019,"FALL",104,0.0108303391637383,0.00244,343.866359169602,343.866359169602
2019,"FALL",105,0.0121194772377305,0.00273,343.936895154963,343.936895154963
2019,"FALL",106,0.00209262842026296,0.00047,345.240089417651,345.240089417651
2019,"FALL",107,0.0583765772270135,0.01315,343.928343931662,343.928343931662
2019,"FALL",109,0.0220752556560193,0.00497,344.170133923929,344.170133923929
2019,"FALL",110,0.0337281688843263,0.0076,343.791695846399,343.791695846399
2019,"FALL",111,0.017976533607086,0.00405,343.865027335456,343.865027335456
2019,"FALL",112,0.0413396112185941,0.00931,344.034492143868,344.034492143868
2019,"FALL",113,0.0182445047352064,0.00411,343.905224700885,343.905224700885
2019,"FALL",114,0.0357967781419039,0.00806,344.128761065805,344.128761065805
2019,"FALL",115,0.0266599544622998,0.006,344.332574371663,344.332574371663
2019,"FALL",116,0.0202530895881865,0.00456,344.146701495318,344.146701495318
2019,"FALL",118,0.00640620681486161,0.00144,344.875473254278,344.875473254278
2019,"FALL",119,0.00803292928495282,0.00181,343.808247787448,343.808247787448
2019,"FALL",120,0.0240474592332294,0.00542,343.680059653678,343.680059653678
2019,"FALL",121,0.013455666548216,0.00303,344.081404231551,344.081404231551
2019,"FALL",123,0.00832313341493268,0.00187,345.087348392122,345.087348392122
2019,"FALL",126,0.00991366262618286,0.00223,344.558862160666,344.558862160666
2019,"FALL",127,0.00482094207762467,0.00109,342.288264002263,342.288264002263
